,sigla,nombre,municipio,departamento,categoria,latitud,longitud,propietario,explotador,longitud_pista,ancho_pista,pbmo,elevacion,resolucion,clase,tipo,gcd_departamento,gcd_municipio
0,4JC,JUANCHACO,Buenaventura,Valle del Cauca,Aeródromo,,,,,,,,,,,,76,76109
1,7FO,LA ISLA,Puerto Gaitán,Meta,Aeródromo,4.4211,-71.6271,LA ISLA Y EL ROSARIO S.A.,LA CEIBA S.A.,800.0,10.0,3000.0,538.0," 1325,000",1A,Privado,50,50568
2,7FU,LA ESCONDIDA,Puerto Gaitán,Meta,Aeródromo,4.6108,-71.1935,PALMAS SICARARE S.A.S.,COSARGO S.A.S.,1300.0,18.0,5000.0,564.0," 1843,000",1A,Fumigación,50,50568
3,7FZ,EL TRIUNFO,Orocué,Casanare,Aeródromo,4.8095,-71.667,ERNESTO J. PEREZ VILLAMIZAR,EL MISMO,880.0,15.0,3000.0,475.0," 5532,000",1A,Privado,85,85230
4,7GC,SAN FELIPE DEL PAUTO,Trinidad,Casanare,Aeródromo,5.2032,-70.8951,AGRAS S.A.S,AGRAS S.A.S,720.0,10.0,3000.0,3125.0," 4505,000",1A,Privado,85,85430
5,7GD,VELASQUEZ,Puerto Boyacá,Boyacá,Aeródromo,5.9482,-74.4575,FAC,MANSAROVAR,1500.0,18.0,10000.0,617.0," 2135,000",3C,Privado,15,15572
6,7GF,LA UNION,Paz de Ariporo,Casanare,Aeródromo,5.6283,-70.7032,MARTHA Y. VARGAS DE R.,GEOPARK CUERVA,640.0,18.0,3500.0,335.0," 2136,000",1A,Privado,85,85250
7,7GG,LA ILUSION,Maní,Casanare,Aeródromo,4.5805,-72.4282,SIGRA S.A.,SIGRA S.A.,890.0,18.0,3500.0,574.0," 1944,000",1A,Privado,85,85139
8,7GH,LA VENTUROSA,Puerto Carreño,Vichada,Aeródromo,6.1391,-68.7779,MUNICIPIO,GOBERNACION,1000.0,12.0,9500.0,246.0," 6782,000",1A,Público,99,99001
9,7GI,GUAYABAL DEL CRAVO,Orocué,Casanare,Aeródromo,4.7223,-71.5943,KLAUS PUTH ARANGUREN,KLAUS PUTH ARANGUREN,750.0,12.0,2500.0,442.0," 3710,000",1A,Privado,85,85230
10,7GL,LA JAGUA,La Jagua de Ibirico,Cesar,Aeródromo,9.5905,-73.2886,CARBONES DE LA JAGUA S.A.,CARBO. DE LA JAGUA S.A.,1200.0,18.0,7500.0,787.0,"  171,000",2A,Privado,20,20400
11,7GO,MATABRAVA,San Luis de Palenque,Casanare,Aeródromo,5.2132,-71.6915,FRANCISCA REYES DIAZ,FRANCISCA REYES DIAZ,600.0,10.0,2000.0,524.0," 5966,000",1A,Privado,85,85325
12,7GS,EL ENCANTO,Cumaribo,Vichada,Aeródromo,4.6934,-70.9078,JUAN AQUILINO PEREZ P.,EL ENCANTO 1 S.A.S.,1200.0,20.0,5000.0,544.0," 5964,000",1A,Fumigación,99,99773
13,7GV,REPRESA DE LAS CANARIAS,Paz de Ariporo,Casanare,Aeródromo,5.7658,-71.2503,OLGA BRAVO DE CANTOR,OLGA BRAVO DE CANTOR,610.0,15.0,3500.0,652.0," 5236,000",1A,Privado,85,85250
14,7GY,LAS ACACIAS,Nemocón,Cundinamarca,Aeródromo,5.0949,-73.9054,JUAN BERNANDO SANINT G,EL MISMO,1350.0,20.0,10000.0,8431.0,"  439,000",3A,Privado,25,25486
15,7GZ,COROZITO,Maní,Casanare,Aeródromo,4.6701,-72.0994,INVERSIONES LA PALMERA DE COROZITO,INV.LA PALMERA DE COROZITO,1200.0,18.0,,497.0,"  832,000",2A,Privado,85,85139
16,7HB,HOTEL SAN DIEGO,Puerto Gaitán,Meta,Aeródromo,3.7693,-71.8179,MADYGAN S.A.S.,MADYGAN S.A.S.,800.0,18.0,4000.0,725.0," 6730,000",2A,Privado,50,50568
17,7HC,EL CAFUCHE,La Primavera,Vichada,Aeródromo,5.3152,-70.0184,ANDRES CARVAJAL MOLINA,ANDRES CARVAJAL MOLINA,850.0,18.0,4000.0,384.0," 3826,000",1A,Privado,99,99524
18,7HD,BOSQUES DE LA PRIMAVERA,La Primavera,Vichada,Aeródromo,5.3489,-69.7467,MARIA A. RIVERA AGUDELO,MARIA A. RIVERA AGUDELO,800.0,18.0,3000.0,396.0," 1444,000",1A,Privado,99,99524
19,7HE,GUACHARACAS (COLOMBAIMA),Beltrán,Cundinamarca,Aeródromo,4.7371,-74.8021,EMPRESA GUACHARACAS,CCA. LTDA,700.0,10.0,3000.0,797.0," 5920,000",1A,Privado,25,25086
20,7HF,GAVILAN DE LA PASCUA,La Primavera,Vichada,Aeródromo,5.1166,-70.3806,RESGUARDO INDIGENA ORIPGA,RES. INDIGENA ORIPGA,1200.0,15.0,3500.0,419.0," 7257,000",1A,Público,99,99524
21,7HG,DOROTEA B1,Paz de Ariporo,Casanare,Aeródromo,5.5122,-71.0248,NEW GRANADA ENERGY,NEW GRANADA ENERGY,1000.0,18.0,,404.0," 2362,000",2A,Privado,85,85250
22,7HJ,MACOLLA,Maní,Casanare,Aeródromo,4.7713,-72.0714,GRAMERCY S.A.S.,AGROPECUARIA CACOLLA S.A.S.,950.0,18.0,5000.0,548.0," 2134,000",1A,Privado,85,85139
23,7HM,LLANO CAUCHO,Cumaribo,Vichada,Aeródromo,4.4355,-70.6954,AGROINDUSTRIALES DEL ORIENTE,AGROINVERSIONES DEL ORIENTE S.A.S,900.0,15.0,12000.0,434.0," 5189,000",1A,Privado,99,99773
24,7HN,ARMENIA,Paz de Ariporo,Casanare,Aeródromo,5.787000000000001,-70.1835,LUIS JOSE CALA LOPEZ,LUIS JOSE CALA LOPEZ,800.0,15.0,3000.0,380.0," 4734,000",1A,Privado,85,85250
25,7HT,MANARE,Paz de Ariporo,Casanare,Aeródromo,5.9761,-70.1575,HERNAN GOMEZ NIÑO,HERNAN GOMEZ NIÑO,1100.0,23.0,4000.0,334.0," 1577,000",1A,Privado,85,85250
26,7HV,LA BENDICION,La Primavera,Vichada,Aeródromo,6.0627,-69.1783,SERGIO ANDRES ESPINOSA F.,SERGIO A. ESPINOSA FLOREZ,1200.0,15.0,5000.0,360.0," 2498,000",1A,Privado,99,99524
27,7HX,PIVIJAY,La Primavera,Vichada,Aeródromo,5.1288,-69.9716,FERNANDO CUSTAS PATACON,FERNANDO CUSTAS P.,900.0,20.0,3500.0,426.0," 3063,000",1A,Privado,99,99524
28,7IA,MURIBA,Maní,Casanare,Aeródromo,4.5809,-72.2551,VITIS OLEI S.A.S.,VITIS OLEI S.A.S.,1300.0,18.0,5000.0,432.0," 4214,000",1A,Privado,85,85139
29,7IB,MAJAGUILLO,Orocué,Casanare,Aeródromo,4.832,-71.6902,FELIPE GOMEZ H. y CIA.,FELIPE GOMEZ H. y CIA.,1000.0,20.0,4800.0,499.0," 5386,000",1A,Privado,85,85230
30,7ID,LA MACOYA,Yopal,Casanare,Aeródromo,5.2262,-72.1478,ELSON HERNANDO SIERRA,ELSON H. SIERRA QUICENO,580.0,15.0,3000.0,474.0,"    9,000",1A,Privado,85,85001
31,7IF,LOS VENADOS,La Primavera,Vichada,Aeródromo,5.0666,-69.9988,GUILLERMO FRANCO RESTREPO,GUILLERMO FRANCO R.,1560.0,23.0,6500.0,475.0,"  515,000",2A,Privado,99,99524
32,7IG,LA FORTUNA 1,San Martín,Meta,Aeródromo,3.611,-72.3412,LUIS C. CASTRO M.,RAFAEL FDO. GAVIRIA A.,800.0,18.0,4000.0,482.0,"  640,000",1A,Privado,50,50689
33,7IH,LOS KIOSCOS,Puerto Gaitán,Meta,Aeródromo,3.4747,-72.2349,MARTHA I. PABON PADILLA,MARTHA I. PABON PADILLA,800.0,12.0,5000.0,770.0,"  690,000",1A,Privado,50,50568
34,7IJ,LA LORENA,Paz de Ariporo,Casanare,Aeródromo,5.6092,-70.421,BUSHIRO TAKEMOTO,BUSHIRO TAKEMOTO,800.0,15.0,3000.0,347.0," 1443,000",1A,Privado,85,85250
35,7NQ,EL PARAISO,La Primavera,Vichada,Aeródromo,5.1826,-69.6303,RUBEN D. VELASQUEZ,RUBEN D. VELASQUEZ,1100.0,20.0,3000.0,387.0," 5533,000",1A,Privado,99,99524
36,7NR,NUEVA ROMA,Plato,Magdalena,Aeródromo,9.968,-74.3303,JORGE SOLANO RECIO,JORGE SOLANO RECIO,550.0,10.0,3000.0,462.0," 4503,000",1A,Privado,47,47555
37,7NS,JAGUAR,Puerto Gaitán,Meta,Aeródromo,4.2161,-72.0275,CEPCOLSA,CEPCOLSA,1200.0,23.0,,650.0," 4940,000",2B,Privado,50,50568
38,7NT,OCELOTE,Puerto Gaitán,Meta,Aeródromo,4.2751,-71.6123,HOCOL S.A.,HOCOL S.A.,1200.0,20.0,,690.0," 5922,000",2B,Privado,50,50568
39,8CB,BANCO DE LA REPUBLICA- CONDOTO,Condoto,Chocó,Aeródromo,,,,,,,,,,,,27,27205
40,9AB,GETSEMANI,Hato Corozal,Casanare,Aeródromo,6.1506,-70.0294,MUNICIPIO,MUNICIPIO,800.0,14.0,2000.0,304.0," 2220,000",1A,Público,85,85125
41,9AC,MARIA ALEJANDRA,Nunchía,Casanare,Aeródromo,5.0054,-72.3959,CIRO GUILLERMO VEGA N.,SAMBA LTDA.,640.0,10.0,2000.0,734.0," 2493,000",1A,Fumigación,85,85225
42,9AG,LIBANO - CA,Bosconia,Cesar,Aeródromo,,,,,,,,,,,,20,20060
43,9AI,CAÑO GARZA,Paz de Ariporo,Casanare,Aeródromo,5.5917,-71.5894,PERENCO COLOMBIA LIMITED,PERENCO COLOMBIA LIMITED,640.0,15.0,12202.0,530.0,"  933,000",1A,Privado,85,85250
44,9AJ,SAN LUIS DE PACA,Mitú,Vaupés,Aeródromo,0.8744,-70.3464,RESGUARDO INDIGENA,GOBERNACION DEL VAUPES,424.0,10.0,1650.0,590.0," 3423,000",1A,Público,97,97001
45,9AK,CANANARI,Mitú,Vaupés,Aeródromo,0.545,-70.9286,RESGUARDO INDIGENA,GOBERNACION DEL VAUPES,420.0,20.0,1650.0,780.0," 3423,000",1A,Público,97,97001
46,9AL,LAS GUABINAS,Orocué,Casanare,Aeródromo,,,,,,,,,,,,85,85230
47,9AM,SAN FERNANDO,Paz de Ariporo,Casanare,Aeródromo,,,,,,,,,,,,85,85250
48,9AN,MARAREY,Orocué,Casanare,Aeródromo,4.8281,-71.0808,JULIAN VALENCIA I. Y OTROS,JULIAN VALENCIA I. Y OTROS,700.0,15.0,4800.0,498.0," 2001,000",1A,Privado,85,85230
49,9AO,SANTA CLARA,Sabanalarga,Casanare,Aeródromo,4.4172,-72.7744,ARMANDO SANCHEZ M.,TAES LTDA.,800.0,10.0,2500.0,610.0," 2137,000",1A,Fumigación,85,85300
50,9AR,SAN PABLO,Mitú,Vaupés,Aeródromo,-0.7831,-70.3228,RESGUARDO INDIGENA,GOBERNACION DEL VAUPES,510.0,10.0,1650.0,550.0," 3423,000",1A,Público,97,97001
51,9AS,SIRENAS,Trinidad,Casanare,Aeródromo,5.2541,-71.1576,PERENCO COLOMBIA LIMITED,PERENCO COLOMBIA LIMITED,600.0,18.0,5000.0,443.0," 3058,000",1A,Privado,85,85430
52,9AT,COROCITO,Puerto López,Meta,Aeródromo,3.9507,-72.2186,AGROINVERSIONES COROCITO,AGROINVERSIONES COROCITO,980.0,10.0,3000.0,544.0," 1838,000",1A,Privado,50,50573
53,9AV,EL NOGAL,Villavicencio,Meta,Aeródromo,3.9883,-73.2994,GLORIA L.TIUSO,AEROTEC LTDA.,610.0,10.0,2000.0,817.0," 4739,000",1A,Fumigación,50,50001
54,9AZ,REMACHE SUR,San Luis de Palenque,Casanare,Aeródromo,5.0832,-71.1525,DESIDERIO CHAPARRO,PERENCO COLOMBIA LIMITED,600.0,18.0,5000.0,459.0," 3058,000",1A,Privado,85,85325
55,9BA,CURUMANI,Curumaní,Cesar,Aeródromo,9.2222,-73.5722,MUNICIPIO,FADELCE,900.0,23.0,2000.0,164.0," 2989,000",2A,Fumigación,20,20228
56,9BB,SAN MIGUEL,Puerto López,Meta,Aeródromo,4.1069,-72.89,ELIZABETH CRUZ BULLA,SAAC S.A.S,670.0,10.0,2000.0,803.0,"  251,000",1A,Fumigación,50,50573
57,9BD,CURALITO - UL,Valledupar,Cesar,Aeródromo,10.2729,-73.2798,JORGE LUIS PRIETO BERRIO,JORGE LUIS PRIETO B.,330.0,12.0,500.0,1920.0," 1675,000",UL,Privado,20,20001
58,9BE,LAS VEGAS,Paz de Ariporo,Casanare,Aeródromo,6.0072,-71.2842,ALEIDA JERONIMO NAVAS,ALEIDA JERONIMO NAVAS,740.0,15.0,3500.0,430.0," 1657,000",1A,Privado,85,85250
59,9BF,LA FRANCIA,El Paso,Cesar,Aeródromo,9.6394,-73.5282,SOCIEDAD COLOMBIAN NATURAL RESOURCES,EL MISMO,1100.0,18.0,,213.0,"  962,000",1B,Privado,20,20250
60,9BH,GUAFITAS,Orocué,Casanare,Aeródromo,,,,,,,,,,,,85,85230
61,9BI,SAN FELIPE,Orocué,Casanare,Aeródromo,5.1037,-71.8425,MARIA LUCILA REYES ORDOÑEZ,MARIA LUCILA REYES O.,700.0,14.0,2000.0,554.0,"  800,000",1A,Privado,85,85230
62,9BL,LOS HALCONES,Bugalagrande,Valle del Cauca,Aeródromo,3.9178,-76.3206,DIEGO TORRES NUÑEZ,DIEGO TORRES NUÑEZ,350.0,10.0,500.0,3232.0," 6678,000",1A,Privado,76,76113
63,9BO,VENECIA DE GUANAPALO,San Luis de Palenque,Casanare,Aeródromo,5.3079,-71.9204,COLCONSTRUC LTDA,COLCONSTRUC LTDA.,1000.0,15.0,5500.0,623.0," 4873,000",1A,Privado,85,85325
64,9BS,LA COMARCA,Trinidad,Casanare,Aeródromo,,,,,,,,,,,,85,85430
65,9BW,LA FAZENDA,Puerto López,Meta,Aeródromo,4.3263,-72.2208,ALIAR S.A.,ALIAR S.A.,1200.0,12.0,5000.0,568.0," 1941,000",2B,Fumigación,50,50573
66,9BY,SAN EDUARDO,Orocué,Casanare,Aeródromo,4.6422,-71.8104,EDUARDO J. GONZALEZ A.,EDUARDO J- GONZALEZ,800.0,12.0,2500.0,580.0," 1580,000",1A,Privado,85,85230
67,9BZ,RIOSUCIO,Riosucio,Chocó,Aeródromo,7.4164,-77.0595,MUNICIPIO,MUNICIPIO,706.0,9.0,5670.0,72.0," 3430,000",1A,Público,27,27615
68,9CA,LAS AGUILAS -CA,Yumbo,Valle del Cauca,Aeródromo,3.5134,-76.4931,SERESTEL S.A.,CLUB DEPORT.LAS AGUILAS,320.0,10.0,500.0,3100.0," 4939,000",1A,Privado,76,76892
69,9CB,CAMARUCOS,Paz de Ariporo,Casanare,Aeródromo,5.8754,-70.6583,ALCALDIA,ALCALDIA,1200.0,15.0,2000.0,367.0," 4541,000",1A,Público,85,85250
70,9CC,EL TOTUMO,Paz de Ariporo,Casanare,Aeródromo,5.9387,-71.2217,MUNICIPIO,MUNICIPIO,520.0,15.0,2000.0,476.0," 4541,000",1A,Público,85,85250
71,9CD,VARSOVIA,Paz de Ariporo,Casanare,Aeródromo,5.849,-70.3648,MUNICIPIO,MUNICIPIO,550.0,15.0,2000.0,328.0," 4541,000",1A,Público,85,85250
72,9CE,LA HERMOSA,Paz de Ariporo,Casanare,Aeródromo,5.5307,-70.4497,MUNICIPIO,MUNICIPIO,884.0,15.0,2000.0,338.0," 4541,000",1A,Público,85,85250
73,9CF,SAN ESTEBAN,Paz de Ariporo,Casanare,Aeródromo,5.4441,-70.8352,MUNICIPIO,MUNICIPIO,580.0,15.0,2000.0,377.0," 4541,000",1A,Público,85,85250
74,9CG,SAN JOSE DEL ARIPORO,Paz de Ariporo,Casanare,Aeródromo,6.0475,-70.0128,MUNICIPIO,MUNICIPIO,570.0,15.0,2000.0,318.0," 4541,000",1A,Público,85,85250
75,9CH,COLINERAS,Paz de Ariporo,Casanare,Aeródromo,6.0713,-70.3678,MUNICIPIO,MUNICIPIO,410.0,15.0,2000.0,338.0," 4541,000",1A,Público,85,85250
76,9CI,LA CAIMANA,Paz de Ariporo,Casanare,Aeródromo,6.0520000000000005,-70.8134,MUNICIPIO,MUNICIPIO,615.0,15.0,2000.0,400.0," 4541,000",1A,Público,85,85250
77,9CJ,EMAUS,San Luis de Palenque,Casanare,Aeródromo,5.1483,-71.0453,LUIS F. CASTILLO SANTOS,LUIS F. CASTILLO SANTOS,740.0,10.0,2500.0,430.0," 1945,000",1A,Privado,85,85325
78,9CL,LA VENTUROSA,San Luis de Palenque,Casanare,Aeródromo,5.2388,-71.3035,MUNICIPIO,EL MISMO,620.0,15.0,2000.0,459.0," 4542,000",1A,Público,85,85325
79,9CM,MIRAMAR DE GUANAPALO,San Luis de Palenque,Casanare,Aeródromo,5.0541,-71.0012,MUNICIPIO,EL MISMO,425.0,15.0,2000.0,394.0," 4542,000",1A,Público,85,85325
80,9CR,EL CAPRICHO,Puerto Gaitán,Meta,Aeródromo,4.2018,-72.1632,JORGE E. SALAZAR B.,EL MISMO,700.0,18.0,4500.0,551.0,"  329,000",1A,Privado,50,50568
81,9CU,COROCORA,Trinidad,Casanare,Aeródromo,5.3751,-70.969,DORA AVELLA VDA.DE PAN,PERENCO COLOMBIA LIMITED,740.0,18.0,5000.0,430.0," 1000,000",1A,Privado,85,85430
82,9CX,SAN JUAN,Maní,Casanare,Aeródromo,4.8437,-72.3006,MARIA ILSE BERRIO,AGIL LTDA.,750.0,10.0,2000.0,591.0," 1055,000",1A,Fumigación,85,85139
83,9CY,LA MEJOR,Restrepo,Meta,Aeródromo,4.1538,-73.3205,JOSE A. REINA P.,SADELL S.A.S.,740.0,10.0,2000.0,844.0," 1125,000",1A,Fumigación,50,50606
84,9CZ,GRISMANIA,Aguazul,Casanare,Aeródromo,4.989,-72.5099,LUZ MARINA VARGAS,SFA LTDA.,900.0,10.0,2000.0,669.0," 6670,000",1A,Fumigación,85,85010
85,9DA,BALMORAL,Maní,Casanare,Aeródromo,4.8864,-72.3439,MELIDA OVALLE Y OTROS,AEROTEC LTDA.,840.0,10.0,2000.0,652.0,"  694,000",1A,Fumigación,85,85139
86,9DB,PALMAS DE TUMACO  -CA,San Andrés de Tumaco,Nariño,Aeródromo,1.496,-78.765,PALMAS DE TUMACO S.A.,PALMAS DE TUMACO S.A.,225.0,10.0,500.0,136.0," 1897,000",UL,Privado,52,52835
87,9DE,LUNA PARK,La Primavera,Vichada,Aeródromo,5.127999999999999,-70.4931,DAVID ALFONSO MATTOS L.,DAVID ALFONSO MATTOS,1200.0,15.0,12000.0,410.0," 1056,000",1A,Privado,99,99524
88,9DF,EL PORTAL,San Alberto,Cesar,Aeródromo,,,,,,,,,,,,20,20710
89,9DI,SAN FELIPE,San Felipe,Guainía,Aeródromo,1.915,-67.0776,GOBERNACION,GOBERNACION,1100.0,22.0,25000.0,312.0,"  545,000",1A,Público,94,94883
90,9DN,SAN FRANCISCO,Puerto Gaitán,Meta,Aeródromo,4.26,-71.9146,PROYECTOS LA FAZENDA,AGROPECUARIA ALIAR S.A.,1200.0,18.0,5000.0,712.0," 5521,000",2A,Fumigación,50,50568
91,9LI,SAN SEBASTIAN,Cabuyaro,Meta,Aeródromo,4.3356,-72.7803,NELLY ZARATE,AEROTEC LTDA.,740.0,10.0,2000.0,680.0," 4738,000",1A,Fumigación,50,50124
92,9LM,LA TRINIDAD,Puerto Rico,Meta,Aeródromo,,,,,,,,,,,,50,50590
93,9LQ,LA PONDEROSA,Puerto Gaitán,Meta,Aeródromo,4.6316,-71.2141,MONICA COLOMBIA LTDA.,MONICA COLOMBIA LTDA,1200.0,18.0,3000.0,537.0," 5243,000",2A,Privado,50,50568
94,9LS,SAN LUIS,La Esperanza,Norte de Santander,Aeródromo,7.6382,-73.4381,CRIAGAN S.A.,AEROPENORT LTDA.,770.0,10.0,2000.0,308.0," 7389,000",1A,Fumigación,54,54385
95,9LW,EL PALMAR,Nunchía,Casanare,Aeródromo,5.396,-71.9116,MAURICIO MEDINA NIÑO,FIBA S.A.,700.0,10.0,3000.0,629.0,"  472,000",1A,Fumigación,85,85225
96,9M1,TRES ESQUINAS AB,Solano,Caquetá,Aeródromo,,,,,,,,,,,,18,18756
97,9M2,LARANDIA,Florencia,Caquetá,Aeródromo,,,,,,,,,,,,18,18001
98,9MQ,EL RASTRO,Cumaribo,Vichada,Aeródromo,4.7022,-70.8617,EL RASTRO 1 S.A.S.,EL RASTRO  1 S.A.S,800.0,15.0,2000.0,545.0," 7391,000",1A,Fumigación,99,99773
99,9MS,BETANIA,Trinidad,Casanare,Aeródromo,5.5319,-71.6812,DIOSELINO ACOSTA,SAO E.U.,800.0,10.0,2000.0,2030.0," 1216,000",1A,Fumigación,85,85430
100,9MW,LAS NUBES,Puerto Gaitán,Meta,Aeródromo,4.2563,-71.7977,AGMO NUBES INVER.S.A.S,AGMO NUBES INVERSIONES,1000.0,18.0,4500.0,1030.0," 1942,000",1A,Fumigación,50,50568
101,9NB,LAS PALMAS,La Gloria,Cesar,Aeródromo,8.5803,-73.6619,NAVIAGRI - NAVILOG S.A.,CELTA LTDA.,1000.0,15.0,2500.0,554.0," 5531,000",1A,Fumigación,20,20383
102,9NG,REMOLINOS,Puerto López,Meta,Aeródromo,4.2053,-72.6639,BLANCA E. BULLA PULIDO,ECO LTDA.,840.0,10.0,2000.0,586.0,"  835,000",1A,Fumigación,50,50573
103,A01,CAMPO ALEGRE,Inírida,Guainía,Aeródromo,1.8653,-69.0101,GOBERNACION,GOBERNACION,450.0,15.0,2000.0,577.0," 1333,000",1A,Público,94,94001
104,A02,CAÑO COLORADO,Inírida,Guainía,Aeródromo,2.2774,-68.3599,GOBERNACION,GOBERNACION,1100.0,15.0,12202.0,413.0," 4419,000",1C,Público,94,94001
105,A03,FORTUL,Fortul,Arauca,Aeródromo,6.7817,-71.7791,GOBERNACION,MUNICIPIO,700.0,13.0,4000.0,730.0," 2036,000",1A,Público,81,81300
106,A04,SANTA ROSA DEL SUR,Santa Rosa del Sur,Bolívar,Aeródromo,7.9629,-76.03399999999998,MUNICIPIO,MUNICIPIO,720.0,18.0,5000.0,61.0," 5959,000",1A,Público,13,13688
107,ABT,AGUA BLANCA,Piedras,Tolima,Aeródromo,4.4656,-74.9948,SOCIEDAD CULTIVOS SAN JOSE,CRUZ VERDE,680.0,10.0,2000.0,1994.0," 4508,000",1A,Fumigación,73,73547
108,ACD,ALCIDES FERNANDEZ,Acandí,Chocó,Regional,8.4969,-77.2739,INCORA LTDA,MUNICIPIO,1200.0,16.0,,50.0," 1072,000",3A,Público,27,27006
109,ACI,EL MONASTERIO,Acacías,Meta,Aeródromo,3.9587,-73.4425,EFA LTDA.,EFA LTDA.,680.0,10.0,2000.0,948.0," 2634,000",1A,Fumigación,50,50006
110,ACL,AGUACLARA,Sabanalarga,Casanare,Aeródromo,4.7333,-73.0583,CORREGIMIENTO,CORREGIMIENTO,800.0,25.0,12202.0,1033.0," 3660,000",1C,Público,85,85300
111,ACR,ARARACUARA,Solano,Caquetá,Regional,-0.6008,-72.3981,GOBERNACION,GOBERNACION,1300.0,30.0,27000.0,800.0,"   31,000",3C,Público,18,18756
112,ADN,ANDES,Andes,Antioquia,Aeródromo,,,,,,,,,,,,5,5034
113,ADZ,GUSTAVO ROJAS PINILLA,San Andrés,San Andrés islas,Internacional,12.5837,-81.7113,AEROCIVIL,AEROCIVIL,2380.0,36.0,,18.0,"  352,000",4D,Aerocivil,88,88001
114,AFC,FABAL-COALCESAR,Aguachica,Cesar,Aeródromo,8.2415,-73.6901,COALCESAR,COALCESAR LTDA,650.0,15.0,2000.0,197.0,"  441,000",1A,Fumigación,20,20011
115,AFD,FADELCE,Armenia,Quindío,Aeródromo,,,,,,,,,,,,63,63001
116,AFI,EL RIO,Amalfi,Antioquia,Aeródromo,6.8954,-75.0475,AEROCIVIL,AEROCIVIL,970.0,20.0,3500.0,4831.0,"  551,000",2A,Aerocivil,5,5031
117,AGB,AGUA BLANCA,Espinal,Tolima,Aeródromo,4.1839,-74.8931,FARCA S.A. - COMODATO,SANIDAD VEGETAL CRUZ,750.0,10.0,2000.0,1095.0," 7095,000",1A,Fumigación,73,73268
118,AGC,EL FARO,Aguachica,Cesar,Aeródromo,,,,,,,,,,,,20,20011
119,AGH,HACARITAMA,Aguachica,Cesar,Aeródromo,8.2473,-73.5821,AEROCIVIL,AEROCIVIL,1310.0,25.0,12202.0,700.0," 9248,000",2C,Aerocivil,20,20011
120,AGI,EL PARAISO,Aguachica,Cesar,Aeródromo,8.1258,-73.5806,SOCIEDAD CHARRY NARVAEZ,CELTA LTDA.,600.0,10.0,2500.0,328.0," 1127,000",1A,Fumigación,20,20011
121,AGJ,JAMAICA,Aguazul,Casanare,Aeródromo,5.0905,-72.4462,VICTOR H-TORRES Z.,AVIOCOL LTDA.,750.0,10.0,2000.0,781.0," 1054,000",1A,Fumigación,85,85010
122,AGT,AGUA BLANCA,Piedras,Tolima,Aeródromo,,,,,,,,,,,,73,73547
123,AGU,MARIA ANGELICA,Aguazul,Casanare,Aeródromo,5.0546,-72.4471,GERMAN ERAZO,CELTA LTDA.,800.0,15.0,2000.0,720.0," 4736,000",1A,Fumigación,85,85010
124,AGY,BASE PRINCIPAL CELTA,Aguachica,Cesar,Aeródromo,8.2002,-73.6313,CIA. EN LABORES TEC Y A,CELTA LTDA.,800.0,15.0,2500.0,305.0," 5318,000",1A,Fumigación,20,20011
125,AGZ,AGUAZUL,Aguazul,Casanare,Aeródromo,,,,,,,,,,,,85,85010
126,AIH,LA MANGA,Aipe,Huila,Aeródromo,,,,,,,,,,,,41,41016
127,ALR,ALFEMAR,Juradó,Chocó,Aeródromo,,,,,,,,,,,,27,27372
128,ALT,ALTAMIRA,Orocué,Casanare,Aeródromo,4.7586,-71.6386,PALMAR DE ALTAMIRA S.A.S.,PALMAR DE ALTAMIRA S.A.A,1100.0,15.0,5000.0,492.0," 6124,000",1A,Privado,85,85230
129,ALV,EL DIAMANTE,Alvarado,Tolima,Aeródromo,4.5694,-74.9337,ELIAS ACOSTA Y CIA LTDA,CRUZ VERDE,620.0,10.0,2000.0,1312.0," 4728,000",1A,Fumigación,73,73026
130,AMB,EL SANTUARIO,Ambalema,Tolima,Aeródromo,4.9029,-74.7797,HACIENDA ZAPAYAN S.A.,HACIENDA ZAPAYAN S.A.,750.0,10.0,2800.0,830.0,,1A,Fumigación,73,73030
131,AMN,PORTUGALITO,Armenia,Quindío,Aeródromo,,,,,,,,,,,,63,63001
132,ANN,ANA MARIA,Agustín Codazzi,Cesar,Aeródromo,,,,,,,,,,,,20,20013
133,APO,ANTONIO ROLDAN BETANCOURT,Carepa,Antioquia,Nacional,7.8118,-76.7164,AEROCIVIL,EN CONCESION- SOACN(Sociedad Operadora de Aeropuertos Centro Norte,2180.0,30.0,,46.0," 1590,000",4C,Aerocivil,5,5147
134,APY,APIAY - FAC,Villavicencio,Meta,Aeródromo,4.0761,-73.5627,FAC,F A C,1800.0,40.0,,1200.0,,4D,Militar,50,50001
135,ARA,LA RUBIERA,Arauca,Arauca,Aeródromo,,,,,,,,,,,,81,81001
136,ARC,PERENCO,Yopal,Casanare,Aeródromo,,,,,,,,,,,,85,85001
137,ARE,EL CEDRITO -CA,Armenia,Quindío,Aeródromo,,,,,,,,,,,,63,63001
138,ARG,ARAGUANEY,Yopal,Casanare,Aeródromo,5.4129999999999985,-72.285,SANAR S.A.S,SANAR S.A.S.,850.0,10.0,4000.0,796.0,"  705,000",1A,Fumigación,85,85001
139,ARO,ARBOLETES,Arboletes,Antioquia,Aeródromo,8.8394,-76.43,MUNICIPIO,MUNICIPIO,1100.0,10.0,6000.0,13.0," 4381,000",2B,Público,5,5051
140,ARQ,EL TRONCAL,Arauquita,Arauca,Aeródromo,7.0211,-71.3889,AEROCIVIL,AEROCIVIL,960.0,12.0,12202.0,509.0," 1073,000",2C,Aerocivil,81,81065
141,ASA,ASA-COPEY,El Copey,Cesar,Aeródromo,,,,,,,,,,,,20,20238
142,ATC,ATACO,Ataco,Tolima,Aeródromo,3.5837,-75.3891,MUNICIPIO,MUNICIPIO,800.0,15.0,4000.0,1519.0,"  156,000",2A,Público,73,73067
143,AUC,SANTIAGO PEREZ QUIROZ,Arauca,Arauca,Nacional,7.0689,-70.737,AEROCIVIL,AEROCIVIL,2100.0,30.0,,418.0,"  984,000",4C,Aerocivil,81,81001
144,AUR,EL CORAJE,Ariguaní,Magdalena,Aeródromo,10.0247,-74.067,CAMAGUEY S.A.,CAMAGUEY S.A.,720.0,15.0,4000.0,282.0," 7094,000",1A,Privado,47,47058
145,AXM,EL EDEN,Armenia,Quindío,Internacional,4.452893,-75.767286,,,,,,,,,,63,63001
146,AYC,LA GLORIA,La Gloria,Cesar,Aeródromo,,,,,,,,,,,,20,20383
147,BAA,BANCO CAFETERO,Manizales,Caldas,Aeródromo,,,,,,,,,,,,17,17001
148,BAC,BANCO DE LA REPUBLICA,Medellín,Antioquia,Aeródromo,,,,,,,,,,,,5,5001
149,BAQ,ERNESTO CORTISSOZ,Barranquilla,Atlántico,Internacional,10.8896,-74.7809,AEROCIVIL,GRUPO AEROPORTUARIO DEL CARIBE S.A.S.,3000.0,45.0,,98.0," 1152,000",4E,Aerocivil,8,8001
150,BAR,GUAICARAMO,Barranca de Upía,Meta,Aeródromo,4.4605,-72.9509,GUAICARAMO S.A.,GUAICARAMO S.A.,800.0,18.0,5500.0,649.0," 7236,000",1A,Fumigación,50,50110
151,BAT,BANCO DE OCCIDENTE,Cali,Valle del Cauca,Aeródromo,,,,,,,,,,,,76,76001
152,BBA,PIZARRO,Bajo Baudó,Chocó,Aeródromo,4.9608,-77.3633,MUNICIPIO,MUNICIPIO,1000.0,10.0,,10.0," 6365,000",1A,Público,27,27077
153,BCA,CERREJON CENTRAL,Barrancas,La Guajira,Aeródromo,,,,,,,,,,,,44,44078
154,BCO,JULIA CAROLINA,Bosconia,Cesar,Aeródromo,,,,,,,,,,,,20,20060
155,BCU,OREGANAL,Barrancas,La Guajira,Aeródromo,,,,,,,,,,,,44,44078
156,BEC,BECERRIL,Becerril,Cesar,Aeródromo,9.6628,-73.2744,MUNICIPIO,FUMILLANOS,1300.0,27.0,3500.0,320.0," 2989,000",3B,Fumigación,20,20045
157,BEE,BENEFICENCIA DEL TOLIMA,Ibagué,Tolima,Aeródromo,,,,,,,,,,,,73,73001
158,BER,BECERRIL,Becerril,Cesar,Aeródromo,,,,,,,,,,,,20,20045
159,BGA,PALONEGRO,Bucaramanga,Santander,Internacional,7.127269,-73.18294499999998,,,,,,,,,,68,68001
160,BGN,EL MILAGRO,Bugalagrande,Valle del Cauca,Aeródromo,,,,,,,,,,,,76,76113
161,BIC,BERASTEGUI,Ciénaga de Oro,Córdoba,Aeródromo,8.8845,-75.6835,AEROCIVIL,AEROCIVIL,1530.0,20.0,2000.0,48.0,"  984,000",0B,Aerocivil,23,23189
162,BIZ,BIZERTA,Nunchía,Casanare,Aeródromo,5.4225,-71.9936,CELMIRA BARRAGAN F.,FUMIVILLA LTDA,700.0,10.0,2000.0,639.0,"  151,000",1A,Fumigación,85,85225
163,BJA,BERLIN,Villavieja,Huila,Aeródromo,,,,,,,,,,,,41,41872
164,BJE,LA CASCAJERA,Barrancabermeja,Santander,Aeródromo,,,,,,,,,,,,68,68081
165,BMG,BARRANCO MINAS,Barranco Minas,Guainía,Aeródromo,3.4907,-69.8097,GOBERNACION,DEPARTAMENTO,900.0,15.0,,125.0," 2477,000",1A,Público,94,94343
166,BNA,BUENOS AIRES -FADELCE,Pailitas,Cesar,Aeródromo,,,,,,,,,,,,20,20517
167,BNO,BUENOS AIRES,Puerto Wilches,Santander,Aeródromo,7.4620000000000015,-73.7464,AGRICOLA BUFALERA DE COLOMBIA,EL MISMO,1060.0,18.0,3500.0,229.0," 7239,000",1A,Privado,68,68575
168,BOC,SAN MARTIN,Bosconia,Cesar,Aeródromo,,,,,,,,,,,,20,20060
169,BOG,EL DORADO,"Bogotá, D.C.","Bogotá, D.C.",Internacional,4.7017,-74.1469,AEROCIVIL,EN CONCESION CODAD,3800.0,60.0,,8356.0,"  320,000",4E,Aerocivil,11,11001
170,BQL,BARRANQUILLITA,Miraflores,Guaviare,Aeródromo,1.5467,-72.3258,GOBERNACION,INS POL BARRANQUILLITA,700.0,15.0,5000.0,800.0," 2989,000",1A,Público,95,95200
171,BSA,LA ESPERANZA,Barbosa,Santander,Aeródromo,5.9485,-73.6092,GOBERNACION,MUNICIPIO,1000.0,16.0,,5308.0,"  306,000",2A,Público,68,68077
172,BSC,JOSE CELESTINO MUTIS,Bahía Solano,Chocó,Regional,6.2031,-77.395,MUNICIPIO,MUNICIPIO,1200.0,30.0,,80.0,"  551,000",2C,Público,27,27075
173,BUN,BUENAVENTURA-GERARDO TOBAR LOPEZ,Buenaventura,Valle del Cauca,Nacional,3.8196,-76.9899,AEROCIVIL,AEROCIVIL,1200.0,30.0,,44.0," 1026,000",2C,Aerocivil,76,76109
174,BUO,BUENOS AIRES,Yopal,Casanare,Aeródromo,5.149,-72.3519,GILMA MARTINEZ DE B.,SERFABA S.A.S.,800.0,10.0,2000.0,732.0," 3061,000",1A,Fumigación,85,85001
175,BVA,BUENAVISTA,Distracción,La Guajira,Aeródromo,10.8874,-72.9007,EJERCITO,EJERCITO,1420.0,30.0,29000.0,850.0,,3C,Militar,44,44098
176,CAA,CAÑO GANDUL,San Luis de Palenque,Casanare,Aeródromo,5.1725,-71.1419,PERENCO COLOMBIA LIMITED,PERENCO COLOMBIA LIMITED,600.0,16.0,3000.0,431.0," 5603,000",1A,Privado,85,85325
177,CAC,CAMPO CAPOTE,Vélez,Santander,Aeródromo,6.75,-73.9167,INDERENA,INDERENA,500.0,20.0,2300.0,500.0," 2302,000",1A,Público,68,68861
178,CAD,INGENIO MAYAGUEZ,Candelaria,Valle del Cauca,Aeródromo,3.3948,-76.3238,INGENIO MAYAGUEZ S.A.,ING. MAYAGUEZ-ASOCAÑA,200.0,10.0,500.0,3320.0," 2958,000",1A,Fumigación,76,76130
179,CAG,CASACARA CAYTA,Agustín Codazzi,Cesar,Aeródromo,9.9281,-73.2531,FADELCE LTDA,FADELCE LTDA,900.0,20.0,4000.0,384.0," 3055,000",1A,Fumigación,20,20013
180,CAH,EL VISO INCORA,Campoalegre,Huila,Aeródromo,,,,,,,,,,,,41,41132
181,CAL,CALIMA,Aguachica,Cesar,Aeródromo,8.2854,-73.643,CELTA LTDA,CELTA LTDA.,900.0,15.0,2500.0,427.0," 1127,000",1A,Fumigación,20,20011
182,CAM,CABO MARZO,Juradó,Chocó,Aeródromo,6.8794,-77.678,SERVICIALES LTDA.,SERVICIALES LTDA.,700.0,18.0,5000.0,16.0," 4418,000",1A,Privado,27,27372
183,CAN,CANARIAS,Nunchía,Casanare,Aeródromo,5.472,-72.1533,SERRANO HERRERA Y CIA,EL MISMO,740.0,10.0,2500.0,735.0," 3940,000",1A,Fumigación,85,85225
184,CAO,"CENTRO ADMINISTRATIVO ""MARANDUA""",Cumaribo,Vichada,Aeródromo,5.3345,-67.8646,INDERENA,INDERENA,1780.0,28.0,33112.0,500.0," 1413,000",3B,Público,99,99773
185,CAP,CAMPO ALEGRE,San Luis de Palenque,Casanare,Aeródromo,5.4053,-71.1293,ALIRIO CORREA Y OTROS,SERFABA S.A.S.,700.0,10.0,2000.0,656.0," 1207,000",1A,Fumigación,85,85325
186,CAQ,JUAN H.WHITE,Caucasia,Antioquia,Regional,7.968,-75.1982,AEROLINEA DE ANTIOQUIA,AEROLINEA DE ANTIOQ.,1080.0,23.0,,207.0," 5052,000",2B,Privado,5,5154
187,CAR,CARIMAGUA,Puerto López,Meta,Aeródromo,4.5649,-71.3367,ICA,EL MISMO,1336.0,23.0,25000.0,700.0,"  657,000",3B,Público,50,50573
188,CAS,CASA COIMA,Mutatá,Antioquia,Aeródromo,,,,,,,,,,,,5,5480
189,CAT,CALICANTO,Alvarado,Tolima,Aeródromo,4.4878,-75.0106,ERNESTO NAVARRO Y CIA,CRUZ VERDE,640.0,10.0,3000.0,2166.0," 1735,000",1A,Fumigación,73,73026
190,CAV,CUMACHAGUA,Santa Rosalía,Vichada,Aeródromo,4.0167,-70.8833,CORREGIMIENTO(MUNICIPIO),CORREGIMIENTO(MUNICIPIO),547.0,35.0,2500.0,440.0," 3660,000",1A,Público,99,99624
191,CBA,LOS GAVANES,Cabuyaro,Meta,Aeródromo,4.2078,-72.9822,FAGAN S. EN C.,FAGAN S. EN C.,680.0,15.0,2000.0,850.0," 5185,000",1A,Fumigación,50,50124
192,CBR,EL CARMEN DE BOLIVAR,El Carmen de Bolívar,Bolívar,Aeródromo,9.6842,-75.1261,MUNICIPIO,MUNICIPIO,1500.0,28.0,12202.0,590.0,"  247,000",3C,Público,13,13244
193,CBU,PETRIBA,Cabuyaro,Meta,Aeródromo,4.3617,-72.8275,GRACER S.A.,ASAM LTDA,850.0,10.0,2000.0,620.0," 2003,000",1A,Fumigación,50,50124
194,CBY,LA ARABIA,Cabuyaro,Meta,Aeródromo,4.3933,-72.9892,GERMAN REYES GARCIA,SADELL  LTDA.,800.0,10.0,2000.0,577.0," 4736,000",1A,Fumigación,50,50124
195,CCH,EL PACIFICO,Cartagena del Chairá,Caquetá,Aeródromo,,,,,,,,,,,,18,18150
196,CDA,LA ESMERALDA - CA,Candelaria,Valle del Cauca,Aeródromo,3.38,-76.3983,INCAUCA S.A.,INCAUCA S.A.,250.0,10.0,500.0,3166.0," 2957,000",1A,Fumigación,76,76130
197,CDY,CIUDAD YARI,San Vicente del Caguán,Caquetá,Aeródromo,1.5833,-73.8667,MUNICIPIO,MUNICIPIO,880.0,40.0,12202.0,1000.0," 3660,000",1A,Público,18,18753
198,CEB,EL CEBRUNO,Ayapel,Córdoba,Aeródromo,8.3292,-75.1323,MUNICIPIO AYAPEL,MUNICIPIO AYAPEL,944.0,15.0,5670.0,1280.0," 7092,000",2A,Público,23,23068
199,CFB,CALIFORNIA,Morales,Bolívar,Aeródromo,,,,,,,,,,,,13,13473
200,CGA,LA CEIBA,Ciénaga,Magdalena,Aeródromo,10.7913,-74.1049,CALIMA S.A.,CALIMA S.A.,740.0,10.0,4500.0,147.0," 1837,000",1A,Fumigación,47,47189
201,CGW,SANTA ANA,Cartago,Valle del Cauca,Aeródromo,4.7584,-75.9561,MUNICIPIO,MUNICIPIO,2200.0,40.0,,2977.0," 1319,000",4D,Público,76,76147
202,CHA,CHICORAL ESTRA,Espinal,Tolima,Aeródromo,4.2022,-74.9697,ESTRA LTDA,ESTRA LTDA,620.0,10.0,2000.0,1270.0," 5613,000",1A,Fumigación,73,73268
203,CHM,CHAPARRAL,San Martín,Meta,Aeródromo,,,,,,,,,,,,50,50689
204,CHO,CHICAMOCHA,Villavicencio,Meta,Aeródromo,,,,,,,,,,,,50,50001
205,CHP,LA CHAPA,Hato Corozal,Casanare,Aeródromo,5.9333,-71.45,CORREGIMIENTO,CORREGIMIENTO,500.0,30.0,3500.0,620.0," 3660,000",1A,Público,85,85125
206,CIE,LA CHEKA,Ciénaga,Magdalena,Aeródromo,10.665,-74.1967,CALIMA S.A.,CALIMA S.A.,660.0,10.0,4500.0,111.0," 6178,000",1A,Fumigación,47,47189
207,CIM,GUSTAVO ROJAS PINILLA,Cimitarra,Santander,Aeródromo,6.3674,-73.9706,AEROCIVIL,AEROCIVIL,1500.0,40.0,12202.0,735.0,"  644,000",3C,Aerocivil,68,68190
208,CJI,LA LIBELULA,Cajicá,Cundinamarca,Aeródromo,,,,,,,,,,,,25,25126
209,CLA,LA UNION,Castilla la Nueva,Meta,Aeródromo,3.3317,-73.295,RUBIELA AVILA S.,COMERCIALIZADORA ECO,750.0,10.0,2000.0,250.0," 4941,000",1A,Fumigación,50,50150
210,CLM,CALAMAR GUAVIARE,San José del Guaviare,Guaviare,Aeródromo,1.9624,-72.645,MUNICIPIO,MUNICIPIO,1000.0,16.0,2950.0,540.0,"  538,000",2A,Público,95,95001
211,CLO,ALFONSO BONILLA ARAGON,Palmira,Valle del Cauca,Internacional,3.5431,-76.3817,AEROCIVIL,CONCESION AEROCALI S.A.,3000.0,45.0,,3174.0,"  984,000",4E,Aerocivil,76,76520
212,CMA,CANAIMA,Villavicencio,Meta,Aeródromo,,,,,,,,,,,,50,50001
213,CMP,CAMPOALEGRE,Campoalegre,Huila,Aeródromo,,,,,,,,,,,,41,41132
214,CMR,LA MARIA,Cumaral,Meta,Aeródromo,4.2436,-73.2131,HELICE LTDA.,HELICE LTDA.,660.0,15.0,2000.0,738.0,"  117,000",1A,Fumigación,50,50226
215,CNL,LAS CAÑAS,Candelaria,Valle del Cauca,Aeródromo,3.3064,-76.3357,MAR 2 S.A.S.,FUMIVALLE,740.0,15.0,4500.0,3451.0," 1213,000",1A,Fumigación,76,76130
216,CNU,SAN VICENTE,Castilla la Nueva,Meta,Aeródromo,3.8111,-73.4372,JOSE S. VANEGAS,FARO LTDA.,800.0,10.0,2000.0,977.0,"  689,000",1A,Fumigación,50,50150
217,COA,COFA -PALMIRA,Palmira,Valle del Cauca,Aeródromo,,,,,,,,,,,,76,76520
218,COG,CONDOTO MANDINGA,Condoto,Chocó,Regional,5.072,-76.6766,AEROCIVIL,AEROCIVIL,1150.0,18.0,,166.0,"  984,000",2C,Aerocivil,27,27205
219,COL,COLOMBAIMA,Beltrán,Cundinamarca,Aeródromo,,,,,,,,,,,,25,25086
220,COZ,TAMACA,Agustín Codazzi,Cesar,Aeródromo,,,,,,,,,,,,20,20013
221,CPB,CAPURGANA,Acandí,Chocó,Regional,8.6305,-77.3502,ACCION COMUNAL,ACCION COMUNAL,950.0,10.0,,12.0," 1784,000",1A,Público,27,27006
222,CPC,CUPICA,Bahía Solano,Chocó,Aeródromo,6.6987,-77.4832,ALCALDIA,ALCALDIA,870.0,15.0,,16.0," 5732,000",1A,Público,27,27075
223,CPE,CAPELLANIA,Ariguaní,Magdalena,Aeródromo,,,,,,,,,,,,47,47058
224,CPL,NAVAS PARDO,Chaparral,Tolima,Aeródromo,3.7238,-75.4654,AEROCIVIL,AEROCIVIL,1200.0,15.0,,2729.0,"  499,000",2C,Aerocivil,73,73168
225,CRA,CINERA,San José de Cúcuta,Norte de Santander,Aeródromo,8.1708,-72.4746,ASOZULIA,ASOZULIA,900.0,10.0,5000.0,305.0," 6327,000",1A,Fumigación,54,54001
226,CRL,SANTA BARBARA,Cumaral,Meta,Aeródromo,4.2329,-73.2523,UNIPALMA S.A.,UNIPALMA S.A.,850.0,18.0,3000.0,800.0," 7055,000",1A,Privado,50,50226
227,CRM,CURUMANI,Curumaní,Cesar,Aeródromo,,,,,,,,,,,,20,20228
228,CRN,CORRAL NUEVO,Plato,Magdalena,Aeródromo,,,,,,,,,,,,47,47555
229,CRR,CERRITOS,Ambalema,Tolima,Aeródromo,4.8422,-74.7758,URUEÑA Y VILLA CIA S. EN C.,SANIDAD VEGETAL CRUZ,640.0,10.0,2000.0,807.0," 6174,000",1A,Fumigación,73,73030
230,CRS,CRAVO SUR,Yopal,Casanare,Aeródromo,,,,,,,,,,,,85,85001
231,CRU,CARURU,Carurú,Vaupés,Aeródromo,1.0135,-71.2961,MUNICIPIO,MUNICIPIO,1000.0,20.0,12200.0,646.0,"   62,000",2B,Público,97,97161
232,CRY,EL VERGEL,Cabuyaro,Meta,Aeródromo,4.2065,-73.0026,AVIAL LTDA,AVIAL LTDA.,740.0,15.0,2000.0,540.0,"  998,000",1A,Fumigación,50,50124
233,CTG,RAFAEL NUÑEZ,Cartagena de Indias,Bolívar,Internacional,10.442,-75.5123,AEROCIVIL,CONCESION-SACSA,2380.0,45.0,,7.0," 4501,000",4D,Aerocivil,13,13001
234,CTO,INGENIO LA CABAÑA -C.A.,Aipe,Huila,Aeródromo,3.1749,-75.3983,INGENIO LA CABAÑA S.A.,INGENIO LA CABAÑA S.A.,340.0,10.0,500.0,3329.0," 2953,000",1A,Fumigación,41,41016
235,CTP,COTOPRIX,Riohacha,La Guajira,Aeródromo,,,,,,,,,,,,44,44001
236,CUA,LAS DELICIAS,Cumaral,Meta,Aeródromo,,,,,,,,,,,,50,50226
237,CUC,CAMILO DAZA,San José de Cúcuta,Norte de Santander,Internacional,7.9274,-72.5116,AEROCIVIL,AEROCIVIL -ORIENTE S.A.S.,1920.0,45.0,,1027.0,"  984,000",4D,Aerocivil,54,54001
238,CUM,EL VISO,Campoalegre,Huila,Aeródromo,2.7313,-75.3219,SANIDAD VEGETAL CRUZ VERDE,SANIDAD VEGETAL CRUZ VERDE,600.0,10.0,2500.0,1299.0," 2136,000",1A,Fumigación,41,41132
239,CUS,CUSIANA,Tauramena,Casanare,Aeródromo,4.9633,-72.6281,ALFONSO HUM. FERNANDEZ,CELTA LTDA.,700.0,10.0,2000.0,886.0," 7274,000",1A,Fumigación,85,85410
240,CVN,COVEÑAS,Coveñas,Sucre,Aeródromo,9.401,-75.6913,ARC MINDEFENSA,ARC MINDEFENSA,1220.0,28.0,12202.0,31.0,"  984,000",2C,Militar,70,70221
241,CVT,CRUZ VERDE,Ibagué,Tolima,Aeródromo,4.3917,-75.1327,CRUZ VERDE,CRUZ VERDE,540.0,10.0,2000.0,3041.0," 1735,000",1A,Fumigación,73,73001
242,CYO,EL EDEN,Cabuyaro,Meta,Aeródromo,,,,,,,,,,,,50,50124
243,CZI,LA DILIA,Agustín Codazzi,Cesar,Aeródromo,,,,,,,,,,,,20,20013
244,CZU,LAS BRUJAS,Corozal,Sucre,Regional,9.3325,-75.2853,AEROCIVIL,EN CONCESION-SOACN(Sociedad Operadora de Aeropuertos Centro Norte,1430.0,22.0,,519.0," 1862,000",3C,Aerocivil,70,70215
245,DAR,DARIEN CALIMA,Calima,Valle del Cauca,Aeródromo,,,,,,,,,,,,76,76126
246,DJV,SAN JUAN DEL CESAR,San Juan del Cesar,La Guajira,Aeródromo,10.7419,-72.9911,MUNICIPIO,MUNICIPIO,800.0,15.0,5700.0,696.0," 5855,000",1A,Público,44,44650
247,DZI,FADECO,Agustín Codazzi,Cesar,Aeródromo,,,,,,,,,,,,20,20013
248,EAS,EL ALGARROBO,San Marcos,Sucre,Aeródromo,,,,,,,,,,,,70,70708
249,EBG,EL TOMIN,El Bagre,Antioquia,Regional,7.5965,-74.8089,SOCIEDAD MINEROS A/QUIA,EL MUNICIPIO,1300.0,15.0,,180.0," 2443,000",1A,Público,5,5250
250,ECB,EL ACEITUNO,Ibagué,Tolima,Aeródromo,4.3481,-75.0245,CULTIVOS Y SEMILLAS EL ACEITU,CRUZ VERDE,720.0,10.0,4500.0,2277.0," 5916,000",1A,Fumigación,73,73001
251,ECC,EL CARMEN DE CHUCURI,El Carmen de Chucurí,Santander,Aeródromo,6.7406,-73.5544,MUNICIPIO,MUNICIPIO,700.0,12.0,12000.0,1200.0," 2488,000",1A,Público,68,68235
252,ECJ,EL CORAJE,Ariguaní,Magdalena,Aeródromo,,,,,,,,,,,,47,47058
253,ECO,ECOPETROL,Barrancabermeja,Santander,Aeródromo,,,,,,,,,,,,68,68081
254,ECR,EL CHORRO,Gamarra,Cesar,Aeródromo,,,,,,,,,,,,20,20295
255,ECU,LA FE,El Copey,Cesar,Aeródromo,10.1302,-74.0383,PALMERAS DE LA COSTA,PALMERAS DE LA COSTA,850.0,15.0,5000.0,304.0," 2496,000",1A,Privado,20,20238
256,EEB,EL ESPINO,El Espino,Boyacá,Aeródromo,6.4883,-72.5047,MUNICIPIO,MUNICIPIO,820.0,15.0,5670.0,7119.0," 4239,000",1B,Público,15,15248
257,EGI,EL GILGAL,Acandí,Chocó,Aeródromo,,,,,,,,,,,,27,27006
258,EJA,YARIGUIES,Barrancabermeja,Santander,Nacional,7.0244,-73.8068,AEROCIVIL,AEROCIVIL -ORIENTE S.A.S.,1800.0,45.0,61100.0,414.0,"  115,000",3C,Aerocivil,68,68081
259,EJU,EL JUNCAL,Palermo,Huila,Aeródromo,2.8471,-75.3133,ASOJUNCAL,SANIDAD VEGETAL CRUZ VERDE,620.0,10.0,2000.0,1509.0," 4949,000",1A,Fumigación,41,41524
260,ELA,EL CHARCO,El Charco,Nariño,Aeródromo,2.4408,-78.1,MUNICIPIO,MUNICIPIO,800.0,12.0,6400.0,32.0,"  737,000",1A,Público,52,52250
261,ELB,LAS FLORES,El Banco,Magdalena,Aeródromo,9.0428,-73.9715,AEROCIVIL,AEROCIVIL,1225.0,28.0,19045.0,110.0," 1374,000",3B,Aerocivil,47,47245
262,ELC,EL CAIRO,Castilla la Nueva,Meta,Aeródromo,,,,,,,,,,,,50,50150
263,ELE,EL RECREO,San Luis de Palenque,Casanare,Aeródromo,5.3206,-72.5778,HENRY POLANIA C.,SAO E.U.,840.0,10.0,2000.0,551.0," 2495,000",1A,Fumigación,85,85325
264,ELH,EL LIMONAR,Campoalegre,Huila,Aeródromo,2.6205,-75.3624,SANIDAD VEGETAL CRUZ VERDE,SANIDAD VEGETAL CRUZ VERDE,600.0,10.0,2500.0,1936.0," 2136,000",1A,Fumigación,41,41132
265,ELI,EL PARAISO,Nunchía,Casanare,Aeródromo,5.5576,-72.0041,JULIO PEREZ MORA,SANAR LTDA.,900.0,10.0,2000.0,669.0," 4943,000",1A,Fumigación,85,85225
266,ELM,EL MARNE,Rionegro,Santander,Aeródromo,7.4233,-73.3806,JORGE LUIS OTERO SANCHEZ,JORGE LUIS OTERO SANCHEZ,760.0,18.0,4000.0,416.0," 4874,000",1A,Privado,68,68615
267,ELO,EL RODEO,Orocué,Casanare,Aeródromo,,,,,,,,,,,,85,85230
268,ELP,EL PAILON,Candelaria,Valle del Cauca,Aeródromo,,,,,,,,,,,,76,76130
269,ELR,EL RECUERDO,Flandes,Tolima,Aeródromo,,,,,,,,,,,,73,73275
270,ELS,COMUNEROS,Socorro,Santander,Aeródromo,6.3835,-73.2573,MUNICIPIO,MUNICIPIO,720.0,15.0,5000.0,5250.0,"  306,000",1A,Público,68,68755
271,ELT,INGENIO PROVIDENCIA,El Cerrito,Valle del Cauca,Aeródromo,3.6383,-76.3038,INGENIO PROVIDENCIA,ING. PROVIDENCIA-ASOCAÑA,250.0,10.0,500.0,3667.0," 2959,000",1A,Fumigación,76,76248
272,ELU,EL RUBY,Castilla la Nueva,Meta,Aeródromo,3.7811,-73.4817,NATALY RODRIGUEZ,FARO LTDA.,670.0,10.0,2000.0,987.0,"  689,000",1A,Fumigación,50,50150
273,EOC,EL RETIRO,San Vicente del Caguán,Caquetá,Aeródromo,,,,,,,,,,,,18,18753
274,EOH,OLAYA HERRERA,Medellín,Antioquia,Nacional,6.2204,-75.5904,INVIAS,EN CONCESION-SOACN(Sociedad Operadora de Aeropuertos Centro Norte),1800.0,38.0,20455.0,4920.0," 1466,000",1A,Aerocivil,5,5001
275,EPR,EL PARAISO,Ibagué,Tolima,Aeródromo,4.387,-75.02600000000002,JOSE M. MELENDRO,CRUZ VERDE,630.0,10.0,2000.0,2303.0," 1735,000",1A,Fumigación,73,73001
276,EPY,CAYTA,El Copey,Cesar,Aeródromo,,,,,,,,,,,,20,20238
277,ESP,ASTA,Espinal,Tolima,Aeródromo,,,,,,,,,,,,73,73268
278,ETA,EL TAPON,Puerto Carreño,Vichada,Aeródromo,5.15,-69.1833,INDERENA,INDERENA,1080.0,20.0,12202.0,500.0," 1412,000",2B,Público,99,99001
279,ETO,EL TORNILLO,Rionegro,Santander,Aeródromo,7.6222,-73.608,INVERSIONES GERBEL S.A.S.,CELTA LTDA.,1020.0,18.0,2000.0,230.0," 7086,000",1A,Fumigación,68,68615
280,ETR,EL TRIUNFO,Ambalema,Tolima,Aeródromo,4.8647,-74.8037,ORGANIZACIÓN PAJONALES S.A.,ORGANIZACIÓN PAJONALES,900.0,15.0,4000.0,840.0,"  390,000",2A,Fumigación,73,73030
281,EVC,EL VIGIA,Villanueva,Casanare,Aeródromo,4.5543,-72.9157,EDUARDO VALENZUELA PLATA,FUMIVILLA LTDA,660.0,10.0,2000.0,662.0," 2471,000",1A,Fumigación,85,85440
282,EYP,EL ALCARAVAN,Yopal,Casanare,Nacional,5.3191,-72.3842,AEROCIVIL,AEROCIVIL,2250.0,30.0,,1016.0,"  984,000",3C,Aerocivil,85,85001
283,FCA,FASCA,Aguazul,Casanare,Aeródromo,5.1553,-72.5208,SFA LTDA.,SFA. LTDA.,750.0,10.0,2000.0,868.0," 7054,000",1A,Fumigación,85,85010
284,FDA,FUNDACION,Fundación,Magdalena,Aeródromo,,,,,,,,,,,,47,47288
285,FLA,GUSTAVO ARTUNDUAGA PAREDES,Florencia,Caquetá,Nacional,1.589,-75.5643,AEROCIVIL,AEROCIVIL,1500.0,30.0,,803.0,"  984,000",3C,Aerocivil,18,18001
286,FLD,AEROSPORT - C.A.,Flandes,Tolima,Aeródromo,4.2331,-74.8347,CLUB COLOMBIANO DE AVIA.,CLUB. COL.AVIACION DEPORTIVA,350.0,10.0,500.0,1030.0," 7240,000",UL,Privado,73,73275
287,FLR,LAS FLORES,Agustín Codazzi,Cesar,Aeródromo,,,,,,,,,,,,20,20013
288,FOO,LA LUNA,Fuente de Oro,Meta,Aeródromo,3.4492,-73.5844,GIOVANNI OROZCO,FARI LTDA,800.0,10.0,2000.0,935.0," 4445,000",1A,Fumigación,50,50287
289,FRO,FRONTINO EL PLATEADO,Frontino,Antioquia,Aeródromo,6.7221,-76.1465,MUNICIPIO,MUNICIPIO,800.0,18.0,5000.0,5577.0," 5958,000",1A,Público,5,5284
290,FTE,CAÑO BLANCO,Fuente de Oro,Meta,Aeródromo,,,,,,,,,,,,50,50287
291,FUL,SAN LUIS,Fuente de Oro,Meta,Aeródromo,3.5019,-73.6697,FARI LTDA.,FARI LTDA,1000.0,15.0,2000.0,980.0," 4506,000",2A,Fumigación,50,50287
292,FUN,ALGARROBO FANOR,Fundación,Magdalena,Aeródromo,,,,,,,,,,,,47,47288
293,FUO,MAJAGUAL,Fuente de Oro,Meta,Aeródromo,3.3903,-73.6964,MARIO GUTIERREZ PERDOMO,ASEM LTDA.,940.0,10.0,3000.0,1049.0," 2949,000",1A,Fumigación,50,50287
294,FUT,LOS SABANALES,Fuente de Oro,Meta,Aeródromo,3.3697,-73.4639,MISAEL RODRIGUEZ CASTAÑEDA,FAGA LTDA.,720.0,10.0,2000.0,849.0,"   76,000",1A,Fumigación,50,50287
295,GAM,LA NENA CAYTA,Gamarra,Cesar,Aeródromo,,,,,,,,,,,,20,20295
296,GAN,EL PROGRESO,Granada,Meta,Aeródromo,,,,,,,,,,,,50,50313
297,GCA,GUACAMAYAS,San Vicente del Caguán,Caquetá,Aeródromo,2.2833,-74.95,CORREGIMIENTO(MUNICIPIO),CORREGIMIENTO(MUNICIPIO),810.0,18.0,11500.0,1500.0," 3660,000",1A,Público,18,18753
298,GER,GERMANIA,Gamarra,Cesar,Aeródromo,8.3306,-73.6949,INVERSIONES GERBEL S.A.S.,CELTA LTDA.,950.0,14.0,2000.0,246.0," 7086,000",1A,Fumigación,20,20295
299,GIR,SANTIAGO VILA,Flandes,Tolima,Regional,4.2753,-74.7961,AEROCIVIL,AEROCIVIL,1600.0,28.0,,931.0,"  115,000",3C,Aerocivil,73,73275
300,GLJ,LA JAGUA,Garzón,Huila,Aeródromo,2.1464,-75.6942,MINISTERIO DE DEFENSA,EJERCITO NACIONAL,1334.0,40.0,12202.0,2622.0,"  984,000",2B,Militar,41,41298
301,GMO,EL GUAMO ASTA,Guamo,Tolima,Aeródromo,3.9976,-74.9576,ASTA S.A.,SANIDAD VEGETAL CRUZ,650.0,10.0,2000.0,1119.0," 6175,000",1A,Fumigación,73,73319
302,GOV,GUADUALITO,Palmira,Valle del Cauca,Aeródromo,,,,,,,,,,,,76,76520
303,GPI,JUAN CASIANO,Guapí,Cauca,Regional,2.57,-77.898,AEROCIVIL,AEROCIVIL,1300.0,16.0,,164.0,"  245,000",3C,Aerocivil,19,19318
304,GRM,GUERIMA,Puerto Carreño,Vichada,Aeródromo,3.6299,-70.3231,GOBERNACION,DEPARTAMENTO,1220.0,20.0,,416.0,"13268,000",2B,Público,99,99001
305,GRN,MALVINAS,Granada,Meta,Aeródromo,3.4208,-73.7653,FREDY REYES VALDERRAMA,SADELL S.A.S.,700.0,10.0,2000.0,1150.0," 1124,000",1A,Fumigación,50,50313
306,GTT,GANADERIA EL TRIUNFO,Honda,Tolima,Aeródromo,5.1694,-74.7652,GARETH HYWEL HUGHES ART.,GARETH HYWEL HUGHES ART.,900.0,18.0,3000.0,774.0,"  704,000",1A,Privado,73,73349
307,GUE,LA ESTRELLA,Guacarí,Valle del Cauca,Aeródromo,,,,,,,,,,,,76,76318
308,GUI,GUINULERO,San Andrés de Tumaco,Nariño,Aeródromo,,,,,,,,,,,,52,52835
309,GUR,LA BASE FUMIVALLE,Guacarí,Valle del Cauca,Aeródromo,3.7766,-76.3217,MAR 2 S.A.S.,ARFA S.A.,640.0,10.0,2000.0,3278.0,"  400,000",1A,Fumigación,76,76318
310,GUS,GUSTAVO ROJAS PINILLA,Tunja,Boyacá,Aeródromo,5.5423,-73.3443,AEROCIVIL,COMODATO MUNICIPIO,1100.0,20.0,5670.0,8954.0," 1291,000",2A,Aerocivil,15,15001
311,GUT,GUADALAJARA,Ibagué,Tolima,Aeródromo,4.3869,-75.1566,HELICE,HELICE,900.0,10.0,3000.0,3005.0,"  168,000",1A,Fumigación,73,73001
312,GYM,FLAMINIO S. CAMACHO,Chía,Cundinamarca,Aeródromo,4.8125,-74.0651,AEROCIVIL,AEROCIVIL,1720.0,20.0,7000.0,8386.0,"  984,000",2B,Aerocivil,25,25175
313,HAC,EL TRIUNFO,Puerto Triunfo,Antioquia,Aeródromo,5.9222,-74.7258,MUNICIPIO,MUNICIPIO,1150.0,11.0,7000.0,820.0," 2070,000",2A,Público,5,5591
314,HCO,EL CAIRO,Hato Corozal,Casanare,Aeródromo,6.0647,-71.2044,ELVIRA SARMIENTO,ELVIRA SARMIENTO,700.0,15.0,2000.0,443.0," 5835,000",1A,Privado,85,85125
315,HCZ,HATO LA AURORA,Hato Corozal,Casanare,Aeródromo,6.0331,-71.3819,LIGIA PLATA Y OTRO,BARRAGAN PLATA JORGE,800.0,15.0,3500.0,485.0," 6728,000",1A,Privado,85,85125
316,HEA,HELIVALLE,Palmira,Valle del Cauca,Aeródromo,,,,,,,,,,,,76,76520
317,HLE,HATO LA ESPERANZA,Puerto Gaitán,Meta,Aeródromo,,,,,,,,,,,,50,50568
318,HOA,HOSPITAL DE CALDAS,Manizales,Caldas,Aeródromo,,,,,,,,,,,,17,17001
319,HOP,HATO DE OPIA,Ibagué,Tolima,Aeródromo,4.4232,-75.0013,INBERAR LTDA.,CRUZ VERDE,540.0,10.0,2000.0,2703.0," 1735,000",1A,Fumigación,73,73001
320,HTC,EL DANUBIO,Hato Corozal,Casanare,Aeródromo,6.2611,-71.2247,CARMEN DELIA DELGADO,CARMEN DELIA DELGADO,740.0,15.0,2400.0,440.0," 4315,000",1A,Privado,85,85125
321,HTZ,HATO COROZAL,Hato Corozal,Casanare,Aeródromo,6.1535,-71.7616,AEROCIVIL,AEROCIVIL,1040.0,14.0,12202.0,830.0,"  502,000",2C,Aerocivil,85,85125
322,IBE,PERALES,Ibagué,Tolima,Nacional,4.4217,-75.1336,AEROCIVIL,AEROCIVIL,1800.0,30.0,,3114.0,"  984,000",3C,Aerocivil,73,73001
323,IDA,CESAR GAVIRIA TRUJILLO,Inírida,Guainía,Regional,3.8536,-67.9063,GOBERNACION,GOBERNACION,1930.0,30.0,,311.0,"  499,000",3C,Público,94,94001
324,IGO,JAIME ORTIZ BETANCUR,Chigorodó,Antioquia,Aeródromo,7.6772,-76.683,MUNICIPIO,MUNICIPIO,840.0,18.0,6400.0,170.0," 4545,000",1A,Público,5,5172
325,INA,INDIRA,Turbo,Antioquia,Aeródromo,7.9444,-76.6969,UNIBAN,CALIMA S.A.,870.0,15.0,4500.0,33.0," 1425,000",1A,Fumigación,5,5837
326,IPI,SAN LUIS,Aldana,Nariño,Internacional,0.8619,-77.6718,AEROCIVIL,AEROCIVIL,1770.0,28.0,,9740.0,"  455,000",3C,Aerocivil,52,52022
327,IRH,IRHO,San Alberto,Cesar,Aeródromo,7.7345,-73.4343,INDUPALMA LTDA.,INDUPALMA LTDA.,730.0,15.0,5000.0,305.0,"  170,000",1A,Fumigación,20,20710
328,ISP,ISA,Palmira,Valle del Cauca,Aeródromo,,,,,,,,,,,,76,76520
329,ITG,LA PROVIDENCIA,Ituango,Antioquia,Aeródromo,7.1653,-75.7253,MUNICIPIO,MUNICIPIO,750.0,12.0,6000.0,5166.0,"   39,000",1A,Público,5,5361
330,ITU,ITUANGO,Ituango,Antioquia,Aeródromo,,,,,,,,,,,,5,5361
331,JAB,JABALCON,Saldaña,Tolima,Aeródromo,3.8422,-75.0336,INCORA LTDA,INCORA,740.0,10.0,2000.0,984.0,"  984,000",1A,Público,73,73671
332,JUR,JURADO,Juradó,Chocó,Aeródromo,7.0731,-77.7285,MUNICIPIO,MUNICIPIO,800.0,20.0,6671.0,13.0," 1503,000",1A,Público,27,27372
333,LAA,LA BASTILLA,Guamo,Tolima,Aeródromo,4.0899,-74.9071,INVERSIONES BAZARA S.A.,SANIDAD VEGETAL CRUZ,700.0,10.0,2000.0,1112.0," 5385,000",1A,Fumigación,73,73319
334,LAB,LA  BARQUEREÑA,Nunchía,Casanare,Aeródromo,,,,,,,,,,,,85,85225
335,LAC,LA CABAÑA,Cumaral,Meta,Aeródromo,4.3019,-73.3697,HACIENDA LA CABAÑA,HACIENDA LA CABAÑA,1000.0,10.0,5500.0,175.0,"  688,000",1A,Privado,50,50226
336,LAD,LA DILIA,Agustín Codazzi,Cesar,Aeródromo,9.8985,-73.4221,MURGAS MUÑOZ HERMANOS,CARLOS R. MURGAS G.,800.0,15.0,5000.0,312.0," 4625,000",1A,Privado,20,20013
337,LAE,LA PALESTINA,Palestina,Caldas,Aeródromo,5.0333,-75.6204,MUNICIPIO DE MANIZALES,INFICALDAS-INFIMANIZALES,1800.0,30.0,,4723.0," 5364,000",4C,Público,17,17524
338,LAH,LA CAMPECHANA,Maní,Casanare,Aeródromo,4.8871,-72.3151,JOSE A. ROSAS BARRERA,FUMIVILLA LTDA,800.0,10.0,2000.0,609.0," 2138,000",1A,Fumigación,85,85139
339,LAJ,LAJITAS,Puerto López,Meta,Aeródromo,4.1564,-72.9076,COMPENSAR,COMPENSAR,800.0,15.0,5000.0,787.0," 6350,000",1A,Privado,50,50573
340,LAL,CRAVO SUR (antes la pista),Orocué,Casanare,Aeródromo,4.8274,-71.6626,J.LONDOÑO R Y CIA,J.LONDOÑO R Y CIA,800.0,18.0,4500.0,482.0," 5384,000",1A,Privado,85,85230
341,LAM,LA COLINA,Villavicencio,Meta,Aeródromo,4.0644,-73.3839,ERNESTO PEDRAZA GALEANO,AEROTEC LTDA.,850.0,19.0,6250.0,1058.0,"  691,000",1A,Fumigación,50,50001
342,LAO,LOS ALMENDROS,Carepa,Antioquia,Aeródromo,7.8083,-76.6519,SANVEL. LTDA.,FUMIGARAY,700.0,16.0,4000.0,134.0," 1314,000",1A,Fumigación,5,5147
343,LAP,LA CARPETA,Paz de Ariporo,Casanare,Aeródromo,,,,,,,,,,,,85,85250
344,LAR,LA ARROBLEDA,Caloto,Cauca,Aeródromo,3.1023,-76.419,INCUBADORA SANTANDER,INCUBADORA SANTANDER,780.0,15.0,5700.0,3320.0," 6472,000",1A,Privado,19,19142
345,LAT,LA MATUA,San Diego,Cesar,Aeródromo,,,,,,,,,,,,20,20750
346,LAU,LAS JUANAS,Castilla la Nueva,Meta,Aeródromo,3.8233,-73.5322,GILBERTO GALINDO M.,SADELL  LTDA.,690.0,10.0,3000.0,1082.0," 4735,000",1A,Fumigación,50,50150
347,LAV,LA VICTORIA,La Paz,Cesar,Aeródromo,10.0621,-73.2583,AMA LTDA.,AMA LTDA.,800.0,18.0,2000.0,300.0," 3939,000",1A,Fumigación,20,20621
348,LBR,LAS BRISAS,Villavicencio,Meta,Aeródromo,,,,,,,,,,,,50,50001
349,LCB,LA CAROLINA,Córdoba,Bolívar,Aeródromo,,,,,,,,,,,,13,13212
350,LCH,VIRGILIO BARCO VARGAS,La Chorrera,Amazonas,Regional,-1.4564,-72.8011,CAJA AGRARIA,COMISARIA DEL AMAZONAS,1500.0,21.0,,593.0,"  916,000",2A,Público,91,91405
351,LCI,LA CACICA,San Martín,Cesar,Aeródromo,7.9861,-73.5779,LA CACICA LTDA.,LA CACICA LTDA.,600.0,18.0,3000.0,265.0," 5525,000",1A,Privado,20,20770
352,LCM,LA CANDELARIA,Fuente de Oro,Meta,Aeródromo,,,,,,,,,,,,50,50287
353,LCT,LETICIA,Alvarado,Tolima,Aeródromo,4.463,-75.0359,ALVARO SIERRA FIGUEROA,SANIDAD VEGETAL CRUZ,840.0,10.0,2000.0,860.0," 6352,000",1A,Fumigación,73,73026
354,LEB,LA GAVIOTA,Plato,Magdalena,Aeródromo,,,,,,,,,,,,47,47555
355,LEM,LA ESMERALDA,Villavicencio,Meta,Aeródromo,4.0883,-73.3678,GILMA LOZANO DE G.,ASAM LTDA,700.0,20.0,2000.0,984.0," 1581,000",1A,Fumigación,50,50001
356,LET,ALFREDO VASQUEZ COBO,Leticia,Amazonas,Internacional,-4.1918,-69.9422,AEROCIVIL,AEROCIVIL,2010.0,40.0,,314.0,"  984,000",3C,Aerocivil,91,91001
357,LEV,LA GAVIOTA,La Primavera,Vichada,Aeródromo,4.5505,-70.9254,GOBERNACION,CENTRO LAS GAVIOTAS,1180.0,18.0,12202.0,606.0," 5796,000",2B,Público,99,99524
358,LFA,LA FLORA,Yopal,Casanare,Aeródromo,,,,,,,,,,,,85,85001
359,LFE,LA FE,Ciénaga,Magdalena,Aeródromo,10.861,-74.1714,MARCO A. GIL PINTO,ASA S. EN C.,800.0,10.0,4500.0,56.0," 4221,000",1A,Fumigación,47,47189
360,LFL,LAS FLORES,La Paz,Cesar,Aeródromo,10.0967,-73.2337,SOCIEDAD OLEOFLORES S.A.,SOC. OLEOFLORES S.A.,1300.0,18.0,5670.0,310.0," 2134,000",2A,Privado,20,20621
361,LFT,LA FLORESTA,Yaguará,Huila,Aeródromo,,,,,,,,,,,,41,41885
362,LGA,LAS GARZAS,Prado,Tolima,Aeródromo,,,,,,,,,,,,73,73563
363,LGL,BELLA CRUZ -SAN JUAN,La Gloria,Cesar,Aeródromo,8.6233,-73.7319,SOCIEDAD MR. INVERSIONES LTDA,FASE CUBIDES Y CIA.,750.0,10.0,4000.0,135.0," 5273,000",1A,Fumigación,20,20383
364,LGM,LA GAVIOTA MA,Plato,Magdalena,Aeródromo,,,,,,,,,,,,47,47555
365,LGP,LAGUNA PAVON,San José del Guaviare,Guaviare,Aeródromo,,,,,,,,,,,,95,95001
366,LGT,LAS GAVIOTAS,Puerto Lleras,Meta,Aeródromo,,,,,,,,,,,,50,50577
367,LGV,LOS GAVILANES,Guamal,Meta,Aeródromo,,,,,,,,,,,,50,50318
368,LHC,LOS HALCONES,Fuente de Oro,Meta,Aeródromo,,,,,,,,,,,,50,50287
369,LJB,EL BORREGO,La Jagua de Ibirico,Cesar,Aeródromo,9.5851,-73.4519,DRUMMOND LTD.,DRUMMOND LTD.,1500.0,29.0,,253.0," 5388,000",3C,Privado,20,20400
370,LJC,LA JAGUA DE IBIRICO,El Paso,Cesar,Aeródromo,9.6206,-73.5364,FADELCE LTDA,FADELCE LTDA.,880.0,20.0,4000.0,331.0," 3055,000",1A,Fumigación,20,20250
371,LJD,CERRO DE PIEDRA,La Jagua de Ibirico,Cesar,Aeródromo,,,,,,,,,,,,20,20400
372,LJI,NUEVA GRANADA,La Jagua de Ibirico,Cesar,Aeródromo,,,,,,,,,,,,20,20400
373,LJV,LA JAULA,La Primavera,Vichada,Aeródromo,5.3089,-69.8314,MARIA D. SALAZAR Y OTROS,MARIA C. SALAZAR,1100.0,20.0,5000.0,356.0,"  275,000",1A,Privado,99,99524
374,LLI,LAS DELICIAS,San Luis de Palenque,Casanare,Aeródromo,5.2075,-71.8136,PERENCO COLOMBIA LIMITED,PERENCO COLOMBIA LIMITED,600.0,17.0,12202.0,460.0,"  933,000",1A,Privado,85,85325
375,LLM,LOMA LINDA,Puerto Lleras,Meta,Aeródromo,,,,,,,,,,,,50,50577
376,LLO,CALENTURITAS,Recetor,Casanare,Aeródromo,9.6523,-73.4951,C.I.PRODECO,C.I. PRODECO,700.0,18.0,6400.0,190.0,"  996,000",2A,Privado,85,85279
377,LMA,JORGE ISAACS (LA MINA),Maicao,La Guajira,Regional,11.2326,-71.4893,CARBONES DEL CERREJON,CARBONES DEL CERREJON,1700.0,45.0,,328.0,"  831,000",3D,Privado,44,44430
378,LMC,LA MACARENA,La Macarena,Meta,Regional,2.1736,-73.7861,MUNICIPIO,MUNICIPIO,1600.0,15.0,26000.0,770.0," 1940,000",2C,Público,50,50350
379,LME,LOS MOCHUELOS,Cereté,Córdoba,Aeródromo,8.9101,-75.7996,FASE LTDA,FASE. LTDA.,800.0,15.0,4000.0,466.0," 5528,000",1A,Fumigación,23,23162
380,LML,LAS MALVINAS,Puerto Gaitán,Meta,Aeródromo,,,,,,,,,,,,50,50568
381,LMN,LOS MULATOS,El Charco,Nariño,Aeródromo,,,,,,,,,,,,52,52250
382,LMR,LOS MORROS,San Onofre,Sucre,Aeródromo,,,,,,,,,,,,70,70713
383,LOB,LOS BALTICOS,Puerto López,Meta,Aeródromo,4.1286,-73.1319,FERNANDO TOVAR TAMAYO,ECO LTDA.,650.0,10.0,2000.0,686.0," 3024,000",1A,Fumigación,50,50573
384,LOC,LOPEZ DE MICAI,López de Micay,Cauca,Aeródromo,2.9539,-77.195,MUNICIPIO,MUNICIPIO,800.0,16.0,2300.0,340.0,"  443,000",1A,Público,19,19418
385,LOM,LOS MILAGROS,Maní,Casanare,Aeródromo,4.7981,-72.2342,FUMIAGRIC LTDA.,AGIL LTDA.,750.0,10.0,2000.0,410.0," 2005,000",1A,Fumigación,85,85139
386,LPA,LA PALMA,Bosconia,Cesar,Aeródromo,9.8394,-73.8672,HERNAN DIEGO PALAU E.,SIMON LOZADA FOMEQUE,940.0,10.0,2000.0,121.0," 3825,000",1A,Fumigación,20,20060
387,LPD,LA PEDRERA,La Pedrera,Amazonas,Aeródromo,-1.3243,-69.5816,GOBERNACION,EL MISMO,1050.0,20.0,26000.0,262.0,"  399,000",2B,Público,91,91407
388,LPG,EL GAVILAN,La Primavera,Vichada,Aeródromo,5.2554,-69.7342,FRANCISCO MATIZ SALAZAR,FRANCISCO MATIZ S.,1100.0,18.0,4800.0,332.0," 5915,000",1A,Privado,99,99524
389,LPL,LOS PLANES,Apartadó,Antioquia,Aeródromo,7.834,-76.6453,UNIBAN,CALIMA S.A.,730.0,15.0,4500.0,108.0," 1425,000",1A,Fumigación,5,5045
390,LPR,EL CIMARRON,La Primavera,Vichada,Aeródromo,5.9371,-69.2579,PRESTIGE COLOMBIA LTDA,PRESTIGE COLOMBIA L,1000.0,15.0,3500.0,318.0," 4740,000",1A,Privado,99,99524
391,LPS,LA PONDEROSA,Puerto Wilches,Santander,Aeródromo,7.4614,-73.7464,PALMAS MONTERREY S.A.,PALMAS MONTERREY,870.0,15.0,4000.0,295.0," 2087,000",1A,Privado,68,68575
392,LPV,RANCHO ALEGRE,La Primavera,Vichada,Aeródromo,,,,,,,,,,,,99,99524
393,LQM,CAUCAYA,Puerto Leguízamo,Putumayo,Regional,-0.1823,-74.7708,MUNICIPIO,MUNICIPIO,1170.0,23.0,28000.0,609.0," 6268,000",2B,Público,86,86573
394,LRA,SAN JOSE,Lérida,Tolima,Aeródromo,4.9110000000000005,-74.889,HAROLD IVAN BENAVIDES,FIBA LTDA,680.0,10.0,2000.0,866.0," 4311,000",1A,Fumigación,73,73408
395,LRI,HACIENDA GARCIA,Lérida,Tolima,Aeródromo,4.8531,-74.8892,ALFONSO GUTIERREZ DUSSAN,ALFONSO GUTIERREZ DUSSAN,550.0,10.0,2000.0,1085.0," 6475,000",1A,Privado,73,73408
396,LTA,LAS TAPIAS,Tamalameque,Cesar,Aeródromo,8.6781,-73.7694,ACBF Y CIA.,FELIPE D'ACOSTA M.,850.0,18.0,3000.0,131.0," 6123,000",1A,Privado,20,20787
397,LTB,LAS GAVIOTAS,La Tebaida,Quindío,Aeródromo,,,,,,,,,,,,63,63401
398,LVB,LA VEGA,Zambrano,Bolívar,Aeródromo,9.8552,-74.8918,INVERSIONES AGRORIOS S.A.,INVER. AGRORIOS S.A.,1160.0,20.0,7250.0,656.0," 5234,000",2A,Privado,13,13894
399,LVC,LA MESA,La Victoria,Valle del Cauca,Aeródromo,,,,,,,,,,,,76,76403
400,LVE,LOS VENADOS,Puerto López,Meta,Aeródromo,,,,,,,,,,,,50,50573
401,MAA,MATA DE AGUA,Paz de Ariporo,Casanare,Aeródromo,,,,,,,,,,,,85,85250
402,MAG,MANAURE,Manaure,La Guajira,Aeródromo,11.7861,-72.4166,CONCESION DE SALINAS-IFI,CONCESION DE SALINAS-IFI,1332.0,35.0,12202.0,15.0," 2989,000",2C,Privado,44,44560
403,MAI,CAMPO ESTERO,Maní,Casanare,Aeródromo,,,,,,,,,,,,85,85139
404,MAL,MALABARES,Trinidad,Casanare,Aeródromo,,,,,,,,,,,,85,85430
405,MAN,CASANARE,Maní,Casanare,Aeródromo,,,,,,,,,,,,85,85139
406,MAP,MAPIRIPAN,Mapiripán,Meta,Aeródromo,2.8973,-72.141,MUNICIPIO,MUNICIPIO,1200.0,20.0,12200.0,670.0," 5517,000",2B,Público,50,50325
407,MBO,MONTERREY,Zambrano,Bolívar,Aeródromo,9.7372,-74.8291,PIZANO S.A.,PIZANO S.A.,1000.0,15.0,5000.0,75.0," 7145,000",2A,Privado,13,13894
408,MBQ,BOCOA QUERARI,Mitú,Vaupés,Aeródromo,1.5975,-70.7994,RESGUARDO INDIGENA,GOBERNACION DEL VAUPES,440.0,10.0,1650.0,620.0," 3423,000",1A,Público,97,97001
409,MCG,MORICHAL,Papunahua,Vaupés,Aeródromo,1.9072,-70.7619,MUNICIPIO,MUNICIPIO,800.0,30.0,5500.0,648.0," 2989,000",1B,Público,97,97777
410,MCH,MOCHUELO,Cravo Norte,Arauca,Aeródromo,,,,,,,,,,,,81,81220
411,MCJ,MAICAO,Maicao,La Guajira,Aeródromo,11.3833,-72.2333,MUNICIPIO,MUNICIPIO,1600.0,30.0,12202.0,160.0,,3C,Público,44,44430
412,MCL,CAÑO COLORADO,Mitú,Vaupés,Aeródromo,0.365,-70.4433,RESGUARDO INDIGENA,GOBERNACION DEL VAUPES,500.0,15.0,5000.0,650.0," 3423,000",1A,Público,97,97001
413,MCO,MACOCOBA,Puerto Carreño,Vichada,Aeródromo,,,,,,,,,,,,99,99001
414,MCP,CACHIPORRO,Mitú,Vaupés,Aeródromo,0.5542,-71.9264,RESGUARDO INDIGENA,GOBERNACION DEL VAUPES,670.0,10.0,12202.0,650.0," 3423,000",1A,Público,97,97001
415,MDA,INGENIO INCAUCA (C.A),Miranda,Cauca,Aeródromo,3.2687,-76.3337,INGENIO DEL CAUCA S.A.,INCAUCA.S.A. - ASOCAÑA,250.0,10.0,500.0,3314.0," 2955,000",1A,Fumigación,19,19455
416,MDE,JOSE M. CORDOVA,Rionegro,Antioquia,Internacional,6.1645,-75.423,AEROCIVIL,EN CONCESION-SOACN(Sociedad Operadora de Aeropuertos Centro Norte),3500.0,45.0,,6980.0,"  605,000",4E,Aerocivil,5,5615
417,MDR,PIEDRA ÑI,Mitú,Vaupés,Aeródromo,-0.1089,-70.3272,RESGUARDO INDIGENA,GOBERNACION DEL VAUPES,420.0,10.0,5000.0,500.0," 3423,000",1A,Público,97,97001
418,MED,MEDINA,Medina,Cundinamarca,Aeródromo,4.4841,-73.345,MUNICIPIO,MUNICIPIO,1060.0,15.0,5000.0,1500.0," 3660,000",2A,Público,25,25438
419,MFR,MONFORT,Mitú,Vaupés,Aeródromo,0.625,-69.7494,RESGUARDO INDIGENA,GOBERNACION DEL VAUPES,620.0,20.0,12202.0,650.0," 3423,000",1A,Público,97,97001
420,MFS,MIRAFLORES,Miraflores,Guaviare,Aeródromo,1.3377,-71.9507,MUNICIPIO,MUNICIPIO,1320.0,25.0,25000.0,730.0,"   21,000",3B,Público,95,95200
421,MGN,BARACOA,Magangué,Bolívar,Aeródromo,9.2849,-74.8465,AEROCIVIL,AEROCIVIL,1410.0,20.0,33112.0,195.0,"  352,000",2B,Aerocivil,13,13430
422,MGO,SAN GERARDO,Mitú,Vaupés,Aeródromo,0.7697,-70.2847,RESGUARDO INDIGENA,GOBERNACION DEL VAUPES,410.0,15.0,1650.0,540.0," 3423,000",1A,Público,97,97001
423,MGP,MAGUI PAYAN,Magüí,Nariño,Aeródromo,1.7742,-78.1914,MUNICIPIO,EL MUNICIPIO,680.0,10.0,5000.0,213.0," 4006,000",1A,Público,52,52427
424,MGU,SAN MIGUEL,Mitú,Vaupés,Aeródromo,-0.0039,-70.4972,RESGUARDO INDIGENA,GOBERNACION DEL VAUPES,540.0,15.0,1650.0,650.0," 3423,000",1A,Público,97,97001
425,MIB,BELEN DE INAMBU,Mitú,Vaupés,Aeródromo,0.4708,-70.1847,RESGUARDO INDIGENA,GOBERNACION DEL VAUPES,460.0,10.0,1650.0,650.0," 3423,000",1A,Público,97,97001
426,MIC,IBACABA,Mitú,Vaupés,Aeródromo,0.9703,-69.21300000000001,RESGUARDO INDIGENA,GOBERNACION DEL VAUPES,440.0,15.0,1650.0,600.0,"   45,000",1A,Público,97,97001
427,MII,MANI,Maní,Casanare,Aeródromo,,,,,,,,,,,,85,85139
428,MIN,DUMACITA,Maní,Casanare,Aeródromo,,,,,,,,,,,,85,85139
429,MIS,SANTA ISABEL,Mitú,Vaupés,Aeródromo,-0.1178,-70.1931,RESGUARDO INDIGENA,GOBERNACION DEL VAUPES,330.0,10.0,1650.0,465.0," 3423,000",1A,Público,97,97001
430,MIT,WACARICUARA,Mitú,Vaupés,Aeródromo,0.2,-70.225,MUNICIPIO,MUNICIPIO,850.0,25.0,12202.0,500.0,"  984,000",1A,Público,97,97001
431,MKA,KAMANAOS,Mitú,Vaupés,Aeródromo,1.7261,-69.8453,RESGUARDO INDIGENA,GOBERNACION DEL VAUPES,400.0,15.0,1650.0,670.0," 3423,000",1B,Público,97,97001
432,MLG,JERONIMO DE AGUAYO,Málaga,Santander,Aeródromo,6.7059,-72.7304,MUNICIPIO,MUNICIPIO,1000.0,16.0,5670.0,6705.0,"   11,000",2A,Público,68,68432
433,MLR,TOLEMAIDA,Melgar,Tolima,Aeródromo,,,,,,,,,,,,73,73449
434,MMP,SAN BERNARDO,Mompós,Bolívar,Aeródromo,9.2583,-74.4383,AEROCIVIL,AEROCIVIL,1175.0,14.0,16300.0,72.0,"  352,000",2A,Aerocivil,13,13468
435,MNI,YARUMITOS,Maní,Casanare,Aeródromo,,,,,,,,,,,,85,85139
436,MNO,LA GLORIA,Aguazul,Casanare,Aeródromo,5.0064,-72.3561,CARMEN SEDANO,PERENCO COLOMBIA LIMITED,540.0,18.0,5000.0,630.0," 6967,000",1A,Privado,85,85010
437,MOC,MONTELIBANO,Agustín Codazzi,Cesar,Aeródromo,,,,,,,,,,,,20,20013
438,MOQ,MOSQUERA,Mosquera,Nariño,Aeródromo,,,,,,,,,,,,52,52473
439,MOY,MONTERREY,Monterrey,Casanare,Aeródromo,,,,,,,,,,,,85,85162
440,MPI,PIRACUARA,Mitú,Vaupés,Aeródromo,-0.6703,-69.6514,RESGUARDO INDIGENA,GOBERNACION DEL VAUPES,540.0,10.0,12202.0,640.0," 3423,000",1A,Público,97,97001
441,MPU,PACU,Mitú,Vaupés,Aeródromo,1.6308,-70.3639,RESGUARDO INDIGENA,GOBERNACION DEL VAUPES,540.0,10.0,1650.0,700.0," 3423,000",1A,Público,97,97001
442,MQU,JOSE CELESTINO,San Sebastián de Mariquita,Tolima,Regional,5.2126,-74.8837,AEROCIVIL,AEROCIVIL,1790.0,45.0,,1531.0,"   51,000",2A,Aerocivil,73,73443
443,MRF,LAGOS DEL DORADO,Miraflores,Guaviare,Aeródromo,,,,,,,,,,,,95,95200
444,MRI,MURINDO,Murindó,Antioquia,Aeródromo,6.9762,-76.8125,ALCALDIA,ALCALDIA,670.0,10.0,3500.0,23.0,,1A,Público,5,5475
445,MSA,SAN ANTONIO,Mitú,Vaupés,Aeródromo,0.6797,-70.4375,RESGUARDO INDIGENA,GOBERNACION DEL VAUPES,340.0,10.0,1650.0,610.0," 3423,000",1A,Público,97,97001
446,MSI,SANTA LUCIA,Mitú,Vaupés,Aeródromo,1.3825,-70.0067,RESGUARDO INDIGENA,GOBERNACION DEL VAUPES,415.0,15.0,3000.0,1020.0," 3423,000",1A,Público,97,97001
447,MSN,SAN PABLO,Mitú,Vaupés,Aeródromo,,,,,,,,,,,,97,97001
448,MSO,SONAÑA,Mitú,Vaupés,Aeródromo,0.1308,-70.5792,RESGUARDO INDIGENA,GOBERNACION DEL VAUPES,700.0,15.0,5000.0,680.0," 3423,000",1A,Público,97,97001
449,MSR,SANTA RITA,Mitú,Vaupés,Aeródromo,1.6528,-70.4097,RESGUARDO INDIGENA,GOBERNACION DEL VAUPES,400.0,10.0,1650.0,700.0," 3423,000",1A,Público,97,97001
450,MTA,MUTATA,Mutatá,Antioquia,Aeródromo,7.2505,-76.4442,ALCALDIA,ALCALDIA,795.0,10.0,6000.0,397.0," 3660,000",1A,Público,5,5480
451,MTB,EL PINDO,Montelíbano,Córdoba,Regional,7.9733,-75.4413,AEROCIVIL,AEROCIVIL,1100.0,26.0,12202.0,160.0," 3107,000",2C,Aerocivil,23,23466
452,MTC,PAPUNAGUA - PUERTO. SOLANO,Mitú,Vaupés,Aeródromo,1.9073,-70.7622,RESGUARDO INDIGENA,GOBERNACION DEL VAUPES,650.0,15.0,5000.0,492.0," 2994,000",1A,Público,97,97001
453,MTI,TIQUIE,Mitú,Vaupés,Aeródromo,0.2342,-70.1689,RESGUARDO INDIGENA,GOBERNACION DEL VAUPES,530.0,15.0,5000.0,630.0," 3423,000",1A,Público,97,97001
454,MTN,BUENOS AIRES,Mitú,Vaupés,Aeródromo,0.0203,-71.0074,RESGUARDO INDIGENA,GOBERNACION DEL VAUPES,400.0,10.0,1650.0,620.0,"   45,000",1A,Público,97,97001
455,MTP,MATUPA,San Martín,Meta,Aeródromo,,,,,,,,,,,,50,50689
456,MTR,LOS GARZONES,Montería,Córdoba,Nacional,8.8239,-75.8261,AEROCIVIL,EN CONCESION-SOACN(Sociedad Operadora de Aeropuertos Centro Norte,1860.0,35.0,,19.0,"  984,000",4C,Aerocivil,23,23001
457,MTS,TERESITA,Mitú,Vaupés,Aeródromo,0.7381,-69.4714,RESGUARDO INDIGENA,GOBERNACION DEL VAUPES,630.0,20.0,12202.0,620.0," 3423,000",1A,Público,97,97001
458,MTT,CACHIPORRO,Mitú,Vaupés,Aeródromo,,,,,,,,,,,,97,97001
459,MTU,MATUPA,San Martín,Meta,Aeródromo,,,,,,,,,,,,50,50689
460,MUR,TAPURUCUARA,Mitú,Vaupés,Aeródromo,1.4717,-70.1631,RESGUARDO INDIGENA,GOBERNACION DEL VAUPES,450.0,15.0,2700.0,880.0," 3423,000",1A,Público,97,97001
461,MUT,ATAHUALPA,Mutatá,Antioquia,Aeródromo,,,,,,,,,,,,5,5480
462,MUZ,MUZO,Muzo,Boyacá,Aeródromo,5.5472,-74.1128,MUNICIPIO,MUNICIPIO,800.0,16.0,6400.0,2952.0,,1A,Público,15,15480
463,MVA,VILLA GLADYS,Mitú,Vaupés,Aeródromo,0.2607,-71.3566,RESGUARDO INDIGENA,GOBERNACION DEL VAUPES,950.0,15.0,12202.0,493.0,"   45,000",1A,Público,97,97001
464,MVI,VILLA FATIMA,Mitú,Vaupés,Aeródromo,0.9744,-69.9569,RESGUARDO INDIGENA,GOBERNACION DEL VAUPES,510.0,10.0,1650.0,680.0," 3423,000",1A,Público,97,97001
465,MVN,VILLA NUEVA,Mitú,Vaupés,Aeródromo,0.2732,-70.4491,RESGUARDO INDIGENA,GOBERNACION DEL VAUPES,375.0,12.0,1650.0,590.0,"   45,000",1A,Público,97,97001
466,MVP,FABIO A. LEON BENTLEY,Mitú,Vaupés,Regional,1.2535,-70.2341,MUNICIPIO,AEROCIVIL,1880.0,30.0,,680.0,"   34,000",3C,Aerocivil,97,97001
467,MVU,LOS ANGELES,Mitú,Vaupés,Aeródromo,0.5767,-70.13,RESGUARDO INDIGENA,GOBERNACION DEL VAUPES,390.0,10.0,1650.0,640.0,"   45,000",1A,Público,97,97001
468,MWA,WAINAMBI,Mitú,Vaupés,Aeródromo,0.8667,-69.6172,RESGUARDO INDIGENA,GOBERNACION DEL VAUPES,360.0,10.0,1650.0,650.0," 3423,000",1A,Público,97,97001
469,MWY,WASAY,Mitú,Vaupés,Aeródromo,1.6608,-70.0194,RESGUARDO INDIGENA,GOBERNACION DEL VAUPES,390.0,15.0,1650.0,700.0," 3423,000",1A,Público,97,97001
470,MYA,YAPU,Mitú,Vaupés,Aeródromo,0.6217,-70.3517,RESGUARDO INDIGENA,GOBERNACION DEL VAUPES,540.0,20.0,5000.0,600.0," 3423,000",1A,Público,97,97001
471,MYY,YAVARATE,Mitú,Vaupés,Aeródromo,0.6117,-69.2072,RESGUARDO INDIGENA,GOBERNACION DEL VAUPES,490.0,15.0,1650.0,400.0," 3423,000",1A,Público,97,97001
472,MZL,LA NUBIA,Manizales,Caldas,Nacional,5.0298,-75.4667,FODECAL,FODECAL,1000.0,15.0,15876.0,6866.0,"  623,000",2A,Público,17,17001
473,NAR,PUERTO NARE,Puerto Nare,Antioquia,Aeródromo,6.2102,-74.5902,CEMENTOS ARGOS S.A.,CEMENTOS ARGOS S.A.,1000.0,20.0,9000.0,130.0," 4504,000",2B,Privado,5,5585
474,NAT,SAN GERMAN,Natagaima,Tolima,Aeródromo,,,,,,,,,,,,73,73483
475,NCC,LA REFORMA,Nunchía,Casanare,Aeródromo,5.4293,-72.163,JUAN BERNARDO SERRANO A.,JUAN B. SERRANO ARDILA,700.0,10.0,2000.0,308.0,"  471,000",1A,Fumigación,85,85225
476,NCI,NECOCLI,Necoclí,Antioquia,Aeródromo,8.45,-76.7833,MUNICIPIO,MUNICIPIO,833.0,15.0,5680.0,60.0," 5917,000",1B,Público,5,5490
477,NFA,NUEVA FORTUNA,Necoclí,Antioquia,Aeródromo,8.6167,-76.6667,MUNICIPIO,MUNICIPIO,300.0,10.0,1300.0,550.0," 2989,000",1A,Público,5,5490
478,NIA,LA NEVERA,Nunchía,Casanare,Aeródromo,5.5128,-72.1314,MAURICIO OLMOS,AGILL S.A.S.,800.0,10.0,3000.0,3100.0," 5053,000",1A,Fumigación,85,85225
479,NQU,REYES MURILLO,Nuquí,Chocó,Regional,5.7120000000000015,-77.2627,AEROCIVIL,AEROCIVIL,930.0,10.0,,13.0,"    2,279",1A,Aerocivil,27,27495
480,NUC,LA FLORA,San Luis de Palenque,Casanare,Aeródromo,5.2097,-71.8106,GERARDO ZAMBRANO GUIO,PERENCO COLOMBIA LIMITED,640.0,15.0,12202.0,539.0,"  933,000",1A,Privado,85,85325
481,NUH,NUNCHIA LOS LIBERTADORES,Nunchía,Casanare,Aeródromo,,,,,,,,,,,,85,85225
482,NUN,EL DESECHO,Nunchía,Casanare,Aeródromo,5.6194,-72.0639,MIREYA MARTIN HUERTAS,EL MISMO,950.0,14.0,2000.0,820.0," 6057,000",1A,Fumigación,85,85225
483,NUT,PALMAROSA,Nunchía,Casanare,Aeródromo,5.5663,-72.0669,FLORENCIO VARGAS PATIÑO,FIBA S.A.,800.0,10.0,2000.0,744.0," 1943,000",1A,Fumigación,85,85225
484,NUV,NUEVA UNION- CA,Santa Ana,Magdalena,Aeródromo,9.6639,-73.9265,MAURICIO E. VASQUEZ M.,EL MISMO,290.0,10.0,600.0,196.0,"  173,000",UL,Privado,47,47707
485,NVA,BENITO SALAS,Neiva,Huila,Internacional,2.9499,-75.2941,AEROCIVIL,AEROCIVIL,1600.0,40.0,,1464.0,"   57,000",3C,Aerocivil,41,41001
486,OBA,PRAGA,Obando,Valle del Cauca,Aeródromo,4.5889,-75.9681,ANGELA MARIA LEON LEMUS,ARFA S.A.,700.0,10.0,2000.0,3041.0," 4937,000",1A,Fumigación,76,76497
487,OCE,EL VIEJO CARMEN,Orocué,Casanare,Aeródromo,4.8978,-71.5681,INVERSIONES LA COLONIA S.A.,LA CEIBA S.A.,685.0,10.0,2000.0,492.0," 1325,000",1A,Privado,85,85230
488,OCU,BUENAVISTA,Orocué,Casanare,Aeródromo,4.8441,-71.5079,INVERSIONES LA COLONIA LTDA,LA CEIBA S.A.,900.0,15.0,2000.0,469.0," 1325,000",1A,Privado,85,85230
489,OCV,AGUAS CLARAS,Ocaña,Norte de Santander,Regional,8.3156,-73.3583,AEROCIVIL,AEROCIVIL,1200.0,30.0,19000.0,3850.0," 2363,000",2C,Aerocivil,54,54498
490,OOR,SAN PABLO,Orocué,Casanare,Aeródromo,4.7856,-71.6231,FERNANDO ADOLFO REYES I.,FERNANDO ADOLFO REYES I.,1175.0,15.0,3000.0,472.0," 3214,000",1A,Privado,85,85230
491,OPA,RIOPAILA,Zarzal,Valle del Cauca,Aeródromo,4.3174,-76.0975,RIOPAILA CASTILLA S.A.,RIOPAILA CASTILLA S.A.,800.0,18.0,5670.0,3179.0," 6471,000",1A,Fumigación,76,76895
492,ORA,GUARILAQUE,Orocué,Casanare,Aeródromo,4.892,-71.5866,FERNANDO REYES ISAZA,PERENCO COLOMBIA LIMITED,600.0,18.0,5000.0,509.0," 7235,000",1A,Privado,85,85230
493,ORC,OROCUE,Orocué,Casanare,Aeródromo,4.7903,-71.3484,MUNICIPIO,MUNICIPIO,1480.0,25.0,22000.0,550.0," 3559,000",1A,Público,85,85230
494,ORE,EL CAIMAN,Orocué,Casanare,Aeródromo,4.855,-71.6811,INVERSIONES LOS CEDROS,INVERS. LOS CEDROS,700.0,16.0,3500.0,485.0," 5960,000",1A,Privado,85,85230
495,ORH,ORIHUECA,Ciénaga,Magdalena,Aeródromo,10.8238,-74.1626,ELCIDA DIAZ GUERRERO,AEROPENORT LTDA.,720.0,10.0,3000.0,90.0," 6068,000",1A,Fumigación,47,47189
496,ORI,ORITO,Orito,Putumayo,Aeródromo,0.6665,-76.8768,ECOPETROL,ECOPETROL,754.0,23.0,,1168.0," 2109,000",1B,Privado,86,86320
497,ORJ,LA CULEBRA,Orocué,Casanare,Aeródromo,4.9025,-71.6347,JUAN MAURICIO MEDINA NIÑO,JUAN MAURICIO MEDINA NIÑO,450.0,10.0,2000.0,429.0," 4938,000",1A,Privado,85,85230
498,ORO,GUANAPALO,Orocué,Casanare,Aeródromo,5.1741,-71.4299,TOMAS ORTEGA DIAZ,PERENCO COLOMBIA LIMITED,600.0,18.0,5000.0,524.0," 7235,000",1A,Privado,85,85230
499,ORR,EL BORAL,Orocué,Casanare,Aeródromo,4.7384,-71.512,MARIA ANTONIA PAVIA DE R.,MARIA ANTONIA PAVIA DE R.,600.0,15.0,3000.0,442.0," 3215,000",1A,Privado,85,85230
500,ORS,SARDINAS,Orocué,Casanare,Aeródromo,4.9858,-71.5057,IGNACIA GUALDRON,PERENCO COLOMBIA LIMITED,600.0,18.0,5000.0,521.0," 7235,000",1A,Privado,85,85230
501,ORU,EL MEDANO,Orocué,Casanare,Aeródromo,4.7621,-71.7184,ALBERTO MENDOZA Y OTRO,EL MISMO,885.0,15.0,4950.0,485.0,"  828,000",1A,Privado,85,85230
502,ORX,LA CANDELARIA,Orocué,Casanare,Aeródromo,5.1076,-71.6243,ANDRES REYES DIAZ,ANDRES REYES DIAZ,580.0,12.0,2000.0,515.0," 7087,000",1A,Privado,85,85230
503,OTU,REMEDIOS OTU,Remedios,Antioquia,Regional,7.0106,-74.7156,AEROCIVIL,AEROCIVIL,950.0,12.0,,2058.0,"  522,000",1A,Aerocivil,5,5604
504,PAL,PALACIO MUNICIPAL,Medellín,Antioquia,Aeródromo,,,,,,,,,,,,5,5001
505,PBE,MORELA,Puerto Berrío,Antioquia,Regional,6.4599,-74.4106,AEROCIVIL,AEROCIVIL,1290.0,24.0,,445.0,"  522,000",2C,Aerocivil,5,5579
506,PBN,NICOLAS E.SOTO,Puerto Boyacá,Boyacá,Aeródromo,,,,,,,,,,,,15,15572
507,PBO,PUERTO BOLIVAR,Uribia,La Guajira,Regional,12.2215,-71.9843,CARBONES DEL CERREJON,CARBONES DEL CERREJON,1580.0,45.0,,98.0,"  831,000",3D,Privado,44,44847
508,PBR,LA PONDEROSA,Paratebueno,Cundinamarca,Aeródromo,,,,,,,,,,,,25,25530
509,PCA,PACOA,Pacoa,Vaupés,Aeródromo,0.0667,-71.2083,CORREGIMIENTO,CORREGIMIENTO,800.0,18.0,12202.0,720.0," 3149,000",1A,Público,97,97511
510,PCE,CUMARIBO,Puerto Carreño,Vichada,Regional,4.4464,-69.7815,GOBERNACION,GOBERNACION,900.0,15.0,26000.0,547.0,"  407,000",1A,Público,99,99001
511,PCH,ALPES -PACHAQ.,Puerto López,Meta,Aeródromo,,,,,,,,,,,,50,50573
512,PCJ,PUERTO ALVIRA -CAÑO JABON,San Martín,Meta,Aeródromo,2.9029,-71.7496,JUNTA DE ORNATO,JUNTA DE ORNATO,1100.0,23.0,12202.0,550.0," 5712,000",2C,Público,50,50689
513,PCO,PARACO,Córdoba,Bolívar,Aeródromo,,,,,,,,,,,,13,13212
514,PCR,GERMAN OLANO,Puerto Carreño,Vichada,Regional,6.185,-67.4925,MUNICIPIO,AEROCIVIL,1800.0,30.0,,1915.0,"  551,000",3C,Aerocivil,99,99001
515,PDE,LA VENGANZA,Paz de Ariporo,Casanare,Aeródromo,6.0226,-70.8976,WALTER F. GOMEZ ACOSTA,EL MISMO,570.0,12.0,4000.0,410.0,,1A,Privado,85,85250
516,PDR,LA COLONIA,Paz de Ariporo,Casanare,Aeródromo,5.7639,-71.5314,MILCIADES LUNA CUERVO,MUNICIPIO,670.0,15.0,2000.0,620.0," 6296,000",1A,Público,85,85250
517,PEI,MATECAÑA,Pereira,Risaralda,Internacional,4.8128,-75.7393,MUNICIPIO,MUNICIPIO,2020.0,45.0,,4417.0,"  522,000",4D,Público,66,66001
518,PET,PETROLEA,San José de Cúcuta,Norte de Santander,Aeródromo,8.4972,-72.5967,MINISTERIO DEFENSA,MINISTERIO DEFENSA,840.0,15.0,4000.0,164.0,"  285,000",2A,Público,54,54001
519,PFO,PUERTO PERALES,Puerto Triunfo,Antioquia,Aeródromo,5.9936,-74.5742,GOBERNACION,GOBERNACION,900.0,15.0,7000.0,475.0," 2989,000",2A,Público,5,5591
520,PGA,PRAGA,Obando,Valle del Cauca,Aeródromo,,,,,,,,,,,,76,76497
521,PGM,PUERTO GAITAN,Puerto Gaitán,Meta,Aeródromo,4.3031,-72.0855,MUNICIPIO,MUNICIPIO,1380.0,23.0,12202.0,150.0," 1861,000",3C,Público,50,50568
522,PGN,SABANETA,Puerto Gaitán,Meta,Aeródromo,,,,,,,,,,,,50,50568
523,PGO,EL RODEO,Puerto Gaitán,Meta,Aeródromo,,,,,,,,,,,,50,50568
524,PGP,LA PLATA PUERTO TRUJILLO,Puerto Gaitán,Meta,Aeródromo,3.4873,-71.3759,MUNICIPIO,MUNICIPIO,700.0,15.0,4500.0,623.0,"   15,000",1A,Público,50,50568
525,PGT,MORELIA,Puerto Gaitán,Meta,Aeródromo,3.7504,-71.4561,META PETROLEUM LTD.,META PETROLEUM LTD.,1280.0,24.0,,617.0," 1738,000",2C,Privado,50,50568
526,PID,PUERTO INIRIDA,Inírida,Guainía,Aeródromo,,,,,,,,,,,,94,94001
527,PII,SAN FELIPE,Inírida,Guainía,Aeródromo,,,,,,,,,,,,94,94001
528,PIM,LA PRIMAVERA,La Primavera,Vichada,Aeródromo,5.4943,-70.4212,MUNICIPIO,MUNICIPIO,1740.0,18.0,12200.0,410.0," 1028,000",2C,Público,99,99524
529,PIP,PAIPA JUAN JOSE RONDON,Paipa,Boyacá,Aeródromo,5.7644,-73.1057,AEROCIVIL,AEROCIVIL,1700.0,30.0,11400.0,8205.0,"  984,000",3C,Aerocivil,15,15516
530,PJS,PAJONALES,Ambalema,Tolima,Aeródromo,4.7644,-74.8287,ORGANIZACIÓN PAJONALES S.A.,ORGANIZACIÓN PAJONALES S.A.,1100.0,15.0,4000.0,850.0,"  390,000",2A,Fumigación,73,73030
531,PLA,PLANADAS,Planadas,Tolima,Aeródromo,3.3,-75.7333,MUNICIPIO,EL MISMO,700.0,11.0,5670.0,3700.0," 3660,000",1A,Público,73,73555
532,PLD,SAN ISIDRO,Puerto López,Meta,Aeródromo,4.1274,-73.2384,ARMANDO ROMERO PARRA,FARO LTDA.,720.0,10.0,2000.0,787.0," 2491,000",1A,Fumigación,50,50573
533,PLE,BELLO HORIZONTE,Puerto López,Meta,Aeródromo,,,,,,,,,,,,50,50573
534,PLK,LA ESPERANZA,Puerto Libertador,Córdoba,Aeródromo,,,,,,,,,,,,23,23580
535,PLL,PUERTO LLERAS,Puerto Lleras,Meta,Aeródromo,3.2897,-73.3792,MUNICIPIO,MUNICIPIO,940.0,15.0,12202.0,800.0," 1148,000",2C,Público,50,50577
536,PLN,PALONEGRO-NORTE,Agustín Codazzi,Cesar,Aeródromo,,,,,,,,,,,,20,20013
537,PLO,PALMASOLA,Puerto López,Meta,Aeródromo,4.1272,-73.0766,AVIAL LTDA,AVIAL LTDA.,900.0,20.0,2000.0,820.0," 3021,000",1A,Fumigación,50,50573
538,PLP,PUERTO LOPEZ,Puerto López,Meta,Aeródromo,,,,,,,,,,,,50,50573
539,PLS,TOBASIA,Puerto López,Meta,Aeródromo,4.0786,-73.0794,FAGAN S. EN C.,FAGAN S. EN C.,730.0,18.0,2000.0,175.0," 4316,000",1A,Fumigación,50,50573
540,PLT,LAS FLORES,Plato,Magdalena,Aeródromo,9.7985,-74.7831,AEROCIVIL,AEROCIVIL,1067.0,20.0,3500.0,86.0,"  876,000",2A,Aerocivil,47,47555
541,PMM,INGENIO MANUELITA,Palmira,Valle del Cauca,Aeródromo,3.5986,-76.306,INGENIO MANUELITA S.A.,ING.MANUELITA - ASOCAÑA,250.0,10.0,500.0,3366.0," 2960,000",1A,Fumigación,76,76520
542,PMO,SAN LUIS,Palermo,Huila,Aeródromo,,,,,,,,,,,,41,41524
543,PNQ,PINOQUIA,Puerto Carreño,Vichada,Aeródromo,,,,,,,,,,,,99,99001
544,PPN,GUILLERMO LEON VALENCIA,Popayán,Cauca,Nacional,2.4542,-76.6099,AEROCIVIL,AEROCIVIL,1910.0,40.0,,5669.0,"  455,000",4C,Aerocivil,19,19001
545,PPT,POTRERITO,Ibagué,Tolima,Aeródromo,4.3261,-75.0785,ARROCERA POTRERITO LASERNA,CRUZ VERDE,600.0,10.0,2000.0,2460.0," 4508,000",1A,Fumigación,73,73001
546,PQE,PALANQUERO -GERMAN OLANO,Puerto Salgar,Cundinamarca,Aeródromo,5.4835,-74.6574,FAC,FAC.,2296.0,20.0,,553.0,,4B,Militar,25,25572
547,PRA,LA OPIA,Piedras,Tolima,Aeródromo,4.4484,-74.9623,DANIEL GOMEZ TAMAYO,CRUZ VERDE,630.0,10.0,4000.0,1929.0," 1839,000",1A,Fumigación,73,73547
548,PRB,LA AURORA,Paratebueno,Cundinamarca,Aeródromo,4.3228,-73.2739,LILIANA CORONADO,SERV.AEREO DEL ORIENTE-SAO,800.0,10.0,2000.0,941.0,"  391,000",1A,Fumigación,25,25530
549,PRC,PUERTO RICO,Puerto Rico,Caquetá,Aeródromo,,,,,,,,,,,,18,18592
550,PRE,SAN JOSE DE OCUNE,Puerto Carreño,Vichada,Aeródromo,4.0822,-70.2539,CORREGIMIENTO,CORREGIMIENTO,720.0,20.0,5670.0,400.0," 2989,000",1A,Público,99,99001
551,PRI,PRIMERO DE MAYO,Paratebueno,Cundinamarca,Aeródromo,4.3347,-73.1439,SAUL E. OTALORA DAZA,COMERCIALIZADORA ECO,720.0,10.0,2000.0,709.0,"  250,000",1A,Fumigación,25,25530
552,PRJ,PUERTO RICO,Puerto Rico,Caquetá,Aeródromo,1.875,-75.1556,MUNICIPIO,MUNICIPIO,948.0,10.0,12202.0,750.0," 3660,000",2A,Público,18,18592
553,PRO,PORORO,Agustín Codazzi,Cesar,Aeródromo,9.935,-73.2687,PALMAS PORORO SAS,PALMAS PORORO SAS,900.0,18.0,6000.0,328.0,"  276,000",1A,Privado,20,20013
554,PRR,JIBICI,Cumaribo,Vichada,Aeródromo,4.8897,-68.3582,JORGE E. PINZON K.,JORGE E. PINZON K.,1100.0,15.0,5000.0,368.0," 5921,000",1A,Privado,99,99773
555,PRT,PALMARITO,Yopal,Casanare,Aeródromo,,,,,,,,,,,,85,85001
556,PRU,ESTELIDA ARIGUANEY,Puerto Carreño,Vichada,Aeródromo,,,,,,,,,,,,99,99001
557,PSO,ANTONIO NARIÑO,Pasto,Nariño,Nacional,1.3964,-77.291,AEROCIVIL,AEROCIVIL,2177.0,40.0,,5896.0,"   95,000",4C,Aerocivil,52,52001
558,PTA,PALESTINA,Pivijay,Magdalena,Aeródromo,,,,,,,,,,,,47,47551
559,PTC,LA VICTORIA,Cumaribo,Vichada,Aeródromo,3.8281,-70.5893,INSPECCION POLICIA,MUNICIPIO,750.0,10.0,2000.0,426.0," 4087,000",1A,Público,99,99773
560,PTE,LA REFORMA,Puerto López,Meta,Aeródromo,4.0625,-73.1483,SOCIEDAD DE ACTIVOS,FARO LTDA.,940.0,10.0,2000.0,940.0," 5961,000",1A,Fumigación,50,50573
561,PTL,CONTADOR,Pitalito,Huila,Regional,1.8573,-76.0856,AEROCIVIL,AEROCIVIL,1500.0,19.0,,4221.0," 2090,000",2B,Aerocivil,41,41551
562,PTO,PIRIRI,Puerto Gaitán,Meta,Aeródromo,,,,,,,,,,,,50,50568
563,PTS,LA ESPERANZA,Puerto Salgar,Cundinamarca,Aeródromo,,,,,,,,,,,,25,25572
564,PTW,GEMELOS DORADOS,Puerto Wilches,Santander,Aeródromo,7.2466,-73.7723,MILTON A. SALAZAR REY,EL MISMO,850.0,15.0,5670.0,314.0," 6473,000",1A,Privado,68,68575
565,PTZ,YATAROS DE MELUA,Puerto López,Meta,Aeródromo,,,,,,,,,,,,50,50573
566,PUE,PUERTO RICO,Puerto Rico,Meta,Aeródromo,2.9419,-73.2039,MUNICIPIO,MUNICIPIO,1080.0,15.0,12202.0,800.0," 4022,000",2A,Público,50,50590
567,PUL,GAVIOTAS,Fuente de Oro,Meta,Aeródromo,3.4633,-73.6022,MISAEL RODRIGUEZ CASTAÑEDA,FAGA LTDA,720.0,10.0,2000.0,987.0,"   76,000",1A,Fumigación,50,50287
568,PUU,TRES DE MAYO,Puerto Asís,Putumayo,Nacional,0.5054,-76.5008,AEROCIVIL,AEROCIVIL,1485.0,25.0,33112.0,809.0,"  115,000",3C,Aerocivil,86,86568
569,PVA,EL EMBRUJO,Providencia,San Andrés islas,Nacional,13.3572,-81.3579,AEROCIVIL,AEROCIVIL,1050.0,18.0,,10.0,"  338,000",2B,Aerocivil,88,88564
570,PVO,EL ALGODONAL,Pueblo Nuevo,Córdoba,Aeródromo,,,,,,,,,,,,23,23570
571,PWI,PUERTO WILCHES,Puerto Wilches,Santander,Aeródromo,,,,,,,,,,,,68,68575
572,PWT,PUERTO WILCHES,Puerto Wilches,Santander,Aeródromo,,,,,,,,,,,,68,68575
573,PZA,PAZ DE ARIPORO,Paz de Ariporo,Casanare,Aeródromo,5.8819,-71.883,AEROCIVIL,AEROCIVIL,1506.0,20.0,29000.0,878.0," 1591,000",2B,Aerocivil,85,85250
574,PZI,VENECIA DE LAS GUAMAS,Paz de Ariporo,Casanare,Aeródromo,5.6882,-70.7378,MAURICIO MEDINA NIÑO,MAURICIO MEDINA NIÑO,570.0,15.0,2000.0,404.0," 5524,000",1A,Privado,85,85250
575,PZR,CHAPARRITO,Paz de Ariporo,Casanare,Aeródromo,5.56,-71.2172,HERNAN BRAYDI,PERENCO COLOMBIA LIMITED,840.0,25.0,5670.0,450.0," 5603,000",2B,Privado,85,85250
576,QPM,FURATENA,Quípama,Boyacá,Aeródromo,5.5275,-74.1869,MUNICIPIO,MUNICIPIO,860.0,16.0,5670.0,3850.0,"  390,000",2B,Público,15,15580
577,QQA,VILLANUEVA,Villanueva,Casanare,Aeródromo,,,,,,,,,,,,85,85440
578,RAV,CRAVO NORTE,Cravo Norte,Arauca,Aeródromo,6.3167,-70.2111,AEROCIVIL,AEROCIVIL,1122.0,18.0,12202.0,336.0,"  343,000",3C,Aerocivil,81,81220
579,RCH,ALMIRANTE PADILLA,Riohacha,La Guajira,Internacional,11.5262,-72.9267,MUNICIPIO,AEROCIVIL -ORIENTE S.A.S.,1900.0,30.0,,43.0,"  187,000",4C,Aerocivil,44,44001
580,RCN,RANCHO NARE,Puerto López,Meta,Aeródromo,,,,,,,,,,,,50,50573
581,RDN,RONDON,Arauca,Arauca,Aeródromo,6.2872,-71.1019,AEROCIVIL,MUNICIPIO -COMODATO,1300.0,30.0,12202.0,480.0," 1261,000",2B,Aerocivil,81,81001
582,RGR,RANCHO GRANDE,Ibagué,Tolima,Aeródromo,4.4419,-75.1167,ZORROZA Y SUAREZ LTDA.,CRUZ VERDE,760.0,10.0,2000.0,2877.0," 4508,000",1A,Fumigación,73,73001
583,RVE,COLONIZADORES,Arauca,Arauca,Regional,6.9504,-71.8562,ECOPETROL,AEROCIVIL,800.0,30.0,,678.0," 4158,000",3C,Aerocivil,81,81001
584,SAA,SANTA ANA,Orocué,Casanare,Aeródromo,5.0875,-71.7902,FERNANDO REYES ISAZA Y CIA. S en C,FERNANDO REYES ISAZA Y CIA. S en C,600.0,15.0,3000.0,538.0," 5962,000",1A,Privado,85,85230
585,SAD,EL BALSAMO,San Diego,Cesar,Aeródromo,,,,,,,,,,,,20,20750
586,SAR,EL BOSQUE,San Alberto,Cesar,Aeródromo,,,,,,,,,,,,20,20710
587,SAS,SAN CARLOS,Maní,Casanare,Aeródromo,5.0096,-72.3237,WILSON GAMEZ M.,AVIOCOL LTDA.,850.0,10.0,3000.0,991.0," 5187,000",1A,Fumigación,85,85139
588,SBD,LA MAGDALENA,Sabana de Torres,Santander,Aeródromo,,,,,,,,,,,,68,68655
589,SBN,ISCUANDE,Santa Bárbara,Nariño,Aeródromo,2.4483,-77.9813,MUNICIPIO,MUNICIPIO,540.0,15.0,2300.0,150.0," 1490,000",1A,Público,52,52696
590,SBT,LAS CRUCES,Sabana de Torres,Santander,Aeródromo,7.3833,-73.5055,MUNICIPIO,MUNICIPIO,1202.0,20.0,12202.0,459.0," 9409,000",2B,Público,68,68655
591,SCA,SUESCUN,San Carlos de Guaroa,Meta,Aeródromo,,,,,,,,,,,,50,50680
592,SCG,EL PRADO,San Carlos de Guaroa,Meta,Aeródromo,,,,,,,,,,,,50,50680
593,SCM,LA CABAÑA,San Carlos de Guaroa,Meta,Aeródromo,,,,,,,,,,,,50,50680
594,SCS,SAN CARLOS DEL PLANAS,Santa Rosalía,Vichada,Aeródromo,4.0333,-70.8333,MUNICIPIO,MUNICIPIO,416.0,20.0,2500.0,400.0," 3660,000",1A,Público,99,99624
595,SCY,SAN JERONIMO,Flandes,Tolima,Aeródromo,4.1932,-74.8615,ELVIRA PINEDA VERGARA,SANIDAD VEGETAL CRUZ,800.0,10.0,2000.0,1030.0," 4217,000",1A,Fumigación,73,73275
596,SDG,LA MANSION,San Carlos de Guaroa,Meta,Aeródromo,,,,,,,,,,,,50,50680
597,SFA,SANTAFE DE ANTIOQUIA,Santa Fé de Antioquia,Antioquia,Aeródromo,,,,,,,,,,,,5,5042
598,SFC,SAN FRANCISCO,Garzón,Huila,Aeródromo,,,,,,,,,,,,41,41298
599,SFL,SAN FELIPE,Bugalagrande,Valle del Cauca,Aeródromo,,,,,,,,,,,,76,76113
600,SGG,LA FLORIDA,San Carlos de Guaroa,Meta,Aeródromo,3.912,-73.2956,GILBERTO LOPEZ S.,FARO LTDA.,740.0,10.0,2000.0,771.0," 1579,000",1A,Fumigación,50,50680
601,SGL,SAN GIL - LOS POZOS,San Gil,Santander,Aeródromo,6.5812,-73.128,MUNICIPIO,MUNICIPIO,1240.0,15.0,5670.0,5577.0,"  677,000",3A,Público,68,68679
602,SGT,SAN GERMAN,Natagaima,Tolima,Aeródromo,,,,,,,,,,,,73,73483
603,SGU,YAGUARITO,San Carlos de Guaroa,Meta,Aeródromo,3.8817,-73.3403,ACEITES MANUELITA S.A.,ACEITES MANUELITA S.A.,1000.0,14.0,5670.0,837.0," 4507,000",2A,Fumigación,50,50680
604,SHL,SANTA HELENA DE UPIA,Villanueva,Casanare,Aeródromo,4.3397,-72.7428,RUBEN A. PINZON GALINDO,ASAM LTDA.,794.0,10.0,2000.0,462.0," 3095,000",1A,Fumigación,85,85440
605,SIR,SIRENAS,Yopal,Casanare,Aeródromo,,,,,,,,,,,,85,85001
606,SIS,SANTA ISABEL,Mitú,Vaupés,Aeródromo,,,,,,,,,,,,97,97001
607,SJB,SAN JUAN DE URABA,San Juan de Urabá,Antioquia,Aeródromo,,,,,,,,,,,,5,5659
608,SJE,JORGE E. GONZALEZ T.,San José del Guaviare,Guaviare,Regional,2.5796,-72.6393,GOBERNACION,DEPARTAMENTO,1450.0,20.0,22000.0,603.0,"  984,000",2B,Público,95,95001
609,SJM,SAN JOSE DE MULATOS,Turbo,Antioquia,Aeródromo,8.35,-76.3333,MUNICIPIO,MUNICIPIO,440.0,20.0,1300.0,300.0," 2989,000",1A,Público,5,5837
610,SJN,SAN JUAN CR,La Gloria,Cesar,Aeródromo,,,,,,,,,,,,20,20383
611,SJR,SAN JUAN DE URABA,San Juan de Urabá,Antioquia,Aeródromo,,,,,,,,,,,,5,5659
612,SKGB,"MARCO FIDEL SUAREZ  ""AFB""",Cali,Valle del Cauca,Aeródromo,3.45689,-76.496514,,,,,,,,,,76,76001
613,SKTI,"TOLEMAIDA ""AFB""",Melgar,Tolima,Aeródromo,,,,,,,,,,,,73,73449
614,SLC,SABANALARGA,Sabanalarga,Casanare,Aeródromo,,,,,,,,,,,,85,85300
615,SLI,LA BRAMADORA,Orocué,Casanare,Aeródromo,5.1914,-71.7439,SILVANA REYES DIAZ,SILVANA REYES DIAZ,520.0,10.0,2000.0,544.0," 7088,000",1A,Privado,85,85230
616,SLM,SAN LUIS,Granada,Meta,Aeródromo,,,,,,,,,,,,50,50313
617,SLO,YAGUARITO,San Carlos de Guaroa,Meta,Aeródromo,,,,,,,,,,,,50,50680
618,SLU,SANTA LUCIA,Ábrego,Norte de Santander,Aeródromo,8.0667,-73.2,INCORA LTDA,INCORA,1000.0,30.0,4000.0,4502.0,"  842,000",2B,Público,54,54003
619,SLY,MATENOVILLOS,San Luis de Palenque,Casanare,Aeródromo,5.2103,-71.8508,SANTIAGO CAMILO REYES DIAZ,SANTIAGO CAMILO REYES DIAZ,580.0,15.0,2000.0,584.0," 6667,000",1A,Privado,85,85325
620,SMA,AGUAS BLANCAS,San Martín,Cesar,Aeródromo,,,,,,,,,,,,20,20770
621,SMD,SABANETA,San Martín,Cesar,Aeródromo,8.0268,-73.5169,ALVARO ESCOBAR SAAVEDRA,ALVARO ESCOBAR SAAVEDRA,1000.0,18.0,5000.0,318.0," 2494,000",1A,Privado,20,20770
622,SMR,SIMON BOLIVAR,Santa Marta,Magdalena,Internacional,11.1197,-74.2473,AEROCIVIL,AEROCIVIL -ORIENTE S.A.S.,1700.0,40.0,,22.0,"  352,000",3C,Aerocivil,47,47001
623,SMT,LA CAPRICHOSA,San Martín,Meta,Aeródromo,,,,,,,,,,,,50,50689
624,SNF,SAN FELIPE CA,Orocué,Casanare,Aeródromo,,,,,,,,,,,,85,85230
625,SNG,SANTIAGO No.1,Maní,Casanare,Aeródromo,,,,,,,,,,,,85,85139
626,SNL,HIPILANDIA,San Martín,Cesar,Aeródromo,7.8899,-73.4588,PALMAS DEL CESAR S.A,PALMAS DEL CESAR S.A.,620.0,18.0,4000.0,311.0,"  122,000",1A,Privado,20,20770
627,SNM,LA DIVA,Santa Marta,Magdalena,Aeródromo,11.2448,-73.7165,INVERSIONES TIN S.A.S.,ASA S.A.S.,620.0,10.0,2000.0,5249.0," 5383,000",1A,Fumigación,47,47001
628,SNP,SAN PABLO,Lorica,Córdoba,Aeródromo,9.0598,-75.7804,PROAGROCOR  S.A.,AEROPENORT LTDA.,650.0,10.0,2000.0,15.0,"  707,000",1A,Fumigación,23,23417
629,SNR,SAN MARTIN,San Martín,Meta,Regional,3.7023,-73.6881,AEROCIVIL,AEROCIVIL,700.0,15.0,3000.0,1380.0,"  644,000",1A,Aerocivil,50,50689
630,SNU,SAN MIGUEL,San Carlos de Guaroa,Meta,Aeródromo,,,,,,,,,,,,50,50680
631,SOR,EL RINCON DE MUCURA,San Onofre,Sucre,Aeródromo,9.7743,-75.6382,INVERSIONES EL RINCON DE MUCURA,INVER. EL RINCON DE MUCURA,900.0,15.0,6400.0,10.0," 1443,000",2A,Privado,70,70713
632,SOX,ALBERTO LLERAS CAMARGO,Firavitoba,Boyacá,Regional,5.6765,-72.9698,MUNICIPIO SOGAMOSO,MUNICIPIO SOGAMOSO,1500.0,24.0,,8149.0,"  102,000",3C,Público,15,15272
633,SPD,SAN PEDRO DE URABA,San Pedro de Urabá,Antioquia,Aeródromo,8.2898,-76.3748,MUNICIPIO,MUNICIPIO,853.0,14.0,6400.0,417.0,"  984,000",1A,Público,5,5665
634,SPE,SAN PEDRO CORAL,Buenavista,Sucre,Aeródromo,,,,,,,,,,,,70,70110
635,SPO,SAN PABLO - INCORA,María la Baja,Bolívar,Aeródromo,10.0472,-75.2653,INCORA LTDA,FALAN,720.0,18.0,2000.0,54.0," 8827,000",1B,Público,13,13442
636,SQE,SAN LUIS DE PALENQUE,San Luis de Palenque,Casanare,Aeródromo,5.4175,-71.7308,MUNICIPIO,MUNICIPIO,940.0,20.0,12202.0,700.0," 3660,000",1A,Público,85,85325
637,SRB,SANTA ROSA DE SIMITI,Simití,Bolívar,Aeródromo,,,,,,,,,,,,13,13744
638,SRO,SANTA ROSALIA,Santa Rosalía,Vichada,Aeródromo,5.1337,-70.8718,CORREGIMIENTO,CORREGIMIENTO,800.0,25.0,12202.0,500.0,"  264,000",1A,Público,99,99624
639,SRS,EL ALGARROBO,San Marcos,Sucre,Aeródromo,8.6874,-75.1624,AEROCIVIL,AEROCIVIL,1200.0,136.0,6000.0,135.0," 3890,000",2A,Aerocivil,70,70708
640,SRT,LA LOMA,San Martín,Meta,Aeródromo,3.6742,-73.4039,INVERSIONES BOHORQUEZ CASTAÑO E HIJOS,FAGAN S. EN C.,840.0,10.0,2000.0,852.0," 5185,000",1A,Fumigación,50,50689
641,SRV,LOS COLONIZADORES,Saravena,Arauca,Aeródromo,,,,,,,,,,,,81,81736
642,SSC,SALA 77,Valledupar,Cesar,Aeródromo,10.3522,-73.3298,ALBERTO MARIO VARGAS,AMA LTDA.,600.0,15.0,2000.0,381.0," 4444,000",1A,Fumigación,20,20001
643,SSE,SAN JOSE-EFA,Lérida,Tolima,Aeródromo,,,,,,,,,,,,73,73408
644,SSL,FALCON,Saldaña,Tolima,Aeródromo,,,,,,,,,,,,73,73671
645,STA,EL EDEN,Santa Ana,Magdalena,Aeródromo,9.5197,-74.3392,JORGE IGNACIO AGUDELO,JORGE I. AGUDELO RESTREPO,840.0,18.0,5700.0,164.0," 4941,000",1A,Privado,47,47707
646,STB,SANTA BARBARA,Cumaral,Meta,Aeródromo,,,,,,,,,,,,50,50226
647,STR,SANTA RITA DE ITUANGO,Ituango,Antioquia,Aeródromo,7.3348,-75.6137,MUNICIPIO,MUNICIPIO,700.0,15.0,2300.0,6400.0," 2798,000",1B,Público,5,5361
648,SVI,EDUARDO FALLA SOLANO,San Vicente del Caguán,Caquetá,Regional,2.1522,-74.7663,AEROCIVIL,AEROCIVIL,1500.0,26.0,,875.0,"  141,000",3C,Aerocivil,18,18753
649,SVT,SAN VICENTE DE CHUCURI,San Vicente de Chucurí,Santander,Aeródromo,6.9056,-73.4339,MUNICIPIO,MUNICIPIO,540.0,15.0,3000.0,1784.0," 5854,000",1A,Público,68,68689
650,SXG,SAN GERARDO,El Cerrito,Valle del Cauca,Aeródromo,3.742,-76.3899,CARLOS ALBERTO ARANGO N.,EL MISMO,340.0,10.0,400.0,3200.0," 5387,000",UL,Privado,76,76248
651,TAP,TARAPACA,Tarapacá,Amazonas,Aeródromo,-2.8957,-69.7497,GOBERNACION,EL MISMO,1080.0,14.0,,243.0," 3788,000",2A,Público,91,91798
652,TAR,TARAIRA,Taraira,Vaupés,Aeródromo,-0.5679,-69.6381,MUNICIPIO,MUNICIPIO,820.0,20.0,12202.0,512.0," 7354,000",1A,Público,97,97666
653,TAU,TAURAMENA,Tauramena,Casanare,Aeródromo,,,,,,,,,,,,85,85410
654,TBI,TIBIRI,Puerto Gaitán,Meta,Aeródromo,3.95,-71.1333,CORREGIMIENTO,CORREGIMIENTO,650.0,20.0,2500.0,740.0," 2989,000",1A,Público,50,50568
655,TBQ,TIMBIQUI,Timbiquí,Cauca,Aeródromo,2.7786,-77.668,MUNICIPIO,MUNICIPIO,1127.0,12.0,,18.0," 9248,000",1B,Público,19,19809
656,TBU,TIBU,Tibú,Norte de Santander,Aeródromo,8.6309,-72.7307,ECOPETROL,ECOPETROL,1400.0,18.0,,171.0,"  759,000",2A,Privado,54,54810
657,TCA,TAMACA,Agustín Codazzi,Cesar,Aeródromo,,,,,,,,,,,,20,20013
658,TCO,LA FLORIDA,San Andrés de Tumaco,Nariño,Nacional,1.8144,-78.749,AEROCIVIL,AEROCIVIL,1600.0,30.0,,10.0,"  455,000",3C,Aerocivil,52,52835
659,TDA,TRINIDAD,Trinidad,Casanare,Aeródromo,5.4349,-71.6584,AEROCIVIL,AEROCIVIL,1148.0,10.0,12202.0,560.0,"  644,000",2A,Aerocivil,85,85430
660,TDI,ELF TRINIDAD,Trinidad,Casanare,Aeródromo,5.5016,-71.7831,PERENCO COLOMBIA LIMITED,PERENCO COLOMBIA LIMITED,600.0,18.0,5000.0,629.0," 7235,000",1A,Privado,85,85430
661,TES,TESALIA,Tesalia,Huila,Aeródromo,,,,,,,,,,,,41,41797
662,TIB,TIERRA BLANCA,Roldanillo,Valle del Cauca,Aeródromo,,,,,,,,,,,,76,76622
663,TLO,SAN DIEGO,Tello,Huila,Aeródromo,3.0804,-75.1875,ALICIA SOLANO Y CIA.,SANAR S.A.,620.0,10.0,3000.0,1968.0,"  693,000",1A,Fumigación,41,41799
664,TLU,TOLU,Tolú Viejo,Sucre,Regional,9.5095,-75.5859,AEROCIVIL,AEROCIVIL,1350.0,16.0,12202.0,15.0,"  455,000",2A,Aerocivil,70,70823
665,TMA,TARQUI,Tauramena,Casanare,Aeródromo,,,,,,,,,,,,85,85410
666,TME,GUSTAVO VARGAS,Tame,Arauca,Regional,6.4510000000000005,-71.7601,AEROCIVIL,AEROCIVIL,2000.0,30.0,33112.0,1199.0,"  343,000",4C,Aerocivil,81,81794
667,TNU,PROVIDENCIA,Tauramena,Casanare,Aeródromo,4.9714,-72.5997,SOCIEDAD VALDERRAMA MOYA,SERFABA S.A.S.,710.0,10.0,2000.0,793.0," 1207,000",1A,Fumigación,85,85410
668,TOC,TOCARIA,Yopal,Casanare,Aeródromo,,,,,,,,,,,,85,85001
669,TPI,TOMACHIPAN,San José del Guaviare,Guaviare,Aeródromo,2.2757,-72.7747,GOBERNACION,JUNTA DE ACCION COMUNAL,500.0,10.0,5680.0,580.0," 6254,000",1A,Público,95,95001
670,TQM,TEQUENDAMA,Aracataca,Magdalena,Aeródromo,,,,,,,,,,,,47,47053
671,TQS,SOLANO,Solano,Caquetá,Aeródromo,0.7458,-75.2344,CORREGIMIENTO(MUNICIPIO),CORREGIMIENTO(MUNICIPIO),525.0,16.0,2300.0,860.0," 3660,000",1A,Público,18,18756
672,TRB,GONZALO MEJIA,Turbo,Antioquia,Aeródromo,8.0745,-76.741,AEROCIVIL,COMODATO- ARMADA,1004.0,13.0,12202.0,7.0," 3373,000",2A,Aerocivil,5,5837
673,TRD,PALMARITO 2,Trinidad,Casanare,Aeródromo,5.3322,-71.2347,PERENCO COLOMBIA LIMITED,PERENCO COLOMBIA LIMITED,840.0,25.0,12000.0,459.0," 5603,000",1A,Privado,85,85430
674,TRE,LA ENVIDIA,Tauramena,Casanare,Aeródromo,,,,,,,,,,,,85,85410
675,TRI,LOS TOROS,Trinidad,Casanare,Aeródromo,5.4275,-71.2164,HORACIO PAN BARRAGAN,PERENCO COLOMBIA LIMITED,1100.0,20.0,12202.0,450.0," 1405,000",1A,Privado,85,85430
676,TRM,LA CONCORDIA,Tauramena,Casanare,Aeródromo,4.9311,-72.6419,VICTOR H-TORRES Z.,AVIOCOL LTDA.,780.0,10.0,3000.0,813.0,"   78,000",1A,Fumigación,85,85410
677,TRP,TARAPACA,Tarapacá,Amazonas,Aeródromo,,,,,,,,,,,,91,91798
678,TRR,TRES RIOS,Miraflores,Guaviare,Aeródromo,,,,,,,,,,,,95,95200
679,TTM,TABLON DE TAMARA,Támara,Casanare,Aeródromo,5.7267,-72.1006,AEROCIVIL,AEROCIVIL,1317.0,30.0,12202.0,1650.0,"  644,000",2C,Aerocivil,85,85400
680,TUE,TUCANES - CA.,Montenegro,Quindío,Aeródromo,4.4758,-75.8411,OMAR LOZANO M.,AEROCLUB TUCANES,210.0,10.0,400.0,3900.0," 4737,000",UL,Privado,63,63470
681,TUN,TUNJA,Tunja,Boyacá,Aeródromo,,,,,,,,,,,,15,15001
682,UIB,EL CARAÑO,Quibdó,Chocó,Nacional,5.6908,-76.6412,AEROCIVIL,EN CONCESION-SOACN(Sociedad Operadora de Aeropuertos Centro Norte,1300.0,30.0,63196.0,192.0,"  522,000",3C,Aerocivil,27,27001
683,ULQ,FARFAN HERIBERTO GIL MAR,Tuluá,Valle del Cauca,Regional,4.0945,-76.2239,MUNICIPIO,MUNICIPIO,1100.0,45.0,33112.0,3132.0," 1026,000",2C,Público,76,76834
684,ULT,ULTRAMOJANA,Caucasia,Antioquia,Aeródromo,,,,,,,,,,,,5,5154
685,UMB,UMBRIA,Cumaral,Meta,Aeródromo,4.1906,-73.2617,JESUS M. CABALLERO,FARO LTDA.,580.0,10.0,2000.0,757.0,"  689,000",1A,Fumigación,50,50226
686,URA,PUERTO ESTRELLA,Uribia,La Guajira,Aeródromo,12.35,-71.3,CORREGIMIENTO,CORREGIMIENTO,1180.0,25.0,12202.0,20.0," 3660,000",2B,Público,44,44847
687,URM,URIBE,Uribe,Meta,Aeródromo,3.2369,-74.3463,MUNICIPIO,MUNICIPIO,1000.0,20.0,,2240.0," 2404,000",2B,Público,50,50370
688,URR,ALI PIEDRAHITA,Urrao,Antioquia,Regional,6.3273,-76.1409,AEROCIVIL,AEROCIVIL,865.0,10.0,,6104.0,"  551,000",2A,Aerocivil,5,5847
689,VAL,VALENCIA,Valencia,Córdoba,Aeródromo,,,,,,,,,,,,23,23855
690,VAP,CAMPO ALEGRE,Valledupar,Cesar,Aeródromo,,,,,,,,,,,,20,20001
691,VAR,VARSOVIA,San Vicente del Caguán,Caquetá,Aeródromo,,,,,,,,,,,,18,18753
692,VCC,EL DIAMANTE,San Carlos de Guaroa,Meta,Aeródromo,3.8844,-73.1595,EFA LTDA.,EFA LTDA.,800.0,10.0,2000.0,686.0," 2634,000",1A,Fumigación,50,50680
693,VCI,LA REALIDAD,Villavicencio,Meta,Aeródromo,3.9961,-73.3769,JAVIER DIAZ BARON,COMERCIALIZADORA ECO,860.0,10.0,2000.0,915.0," 1946,000",1A,Fumigación,50,50001
694,VDF,VIGIA DEL FUERTE,Vigía del Fuerte,Antioquia,Aeródromo,6.5681,-76.8877,MUNICIPIO,MUNICIPIO,770.0,10.0,,53.0,"  192,000",1A,Público,5,5873
695,VDP,MADACI,Valledupar,Cesar,Aeródromo,,,,,,,,,,,,20,20001
696,VEL,VELASQUEZ,Puerto Boyacá,Boyacá,Aeródromo,,,,,,,,,,,,15,15572
697,VGP,CANANGUCHAL,Villagarzón,Putumayo,Regional,0.9785,-76.6064,AEROCIVIL,AEROCIVIL,1300.0,20.0,,397.0," 1270,000",3B,Aerocivil,86,86885
698,VIC,EL CONVENTO,Villavicencio,Meta,Aeródromo,4.0227,-73.3529,EFA LTDA.,EFA LTDA.,800.0,10.0,2000.0,837.0," 2634,000",1A,Fumigación,50,50001
699,VIH,VISTA HERMOSA,Vistahermosa,Meta,Aeródromo,3.1351,-73.7579,MUNICIPIO,MUNICIPIO,870.0,15.0,5670.0,150.0," 4559,000",2A,Público,50,50711
700,VIL,PALMAS DEL CASANARE,Villanueva,Casanare,Aeródromo,,,,,,,,,,,,85,85440
701,VLA,VILLANUEVA,Villanueva,Casanare,Aeródromo,4.6371,-72.9498,MUNICIPIO,MUNICIPIO,1300.0,23.0,12202.0,1220.0," 2807,000",2B,Fumigación,85,85440
702,VLL,VILLANUEVA,Villanueva,La Guajira,Aeródromo,10.5833,-73.0167,MUNICIPIO,MUNICIPIO,900.0,20.0,4000.0,600.0," 3660,000",1A,Público,44,44874
703,VLU,PALMAR DE ORIENTE,Villanueva,Casanare,Aeródromo,4.4924,-72.8408,PALMAR DEL ORIENTE S.A.,PALMAR DEL ORIENTE S.A.,860.0,15.0,3000.0,643.0," 4892,000",1A,Privado,85,85440
704,VNL,COLEGIAL,Villanueva,Casanare,Aeródromo,4.4945,-72.7719,SAMOS DE COL. LTDA,FUMIVILLA LTDA,700.0,10.0,2000.0,574.0," 5913,000",1A,Fumigación,85,85440
705,VNU,SOCEAGRO,Villanueva,Casanare,Aeródromo,4.4881,-72.8319,SOCEAGRO,ASAM LTDA.,1100.0,12.0,2000.0,649.0,"  174,000",1A,Fumigación,85,85440
706,VUP,ALFONSO LOPEZ PUMAREJO,Valledupar,Cesar,Nacional,10.4351,-73.2494,AEROCIVIL,AEROCIVIL -ORIENTE S.A.S.,2100.0,30.0,,450.0,"  352,000",4C,Aerocivil,20,20001
707,VVA,VILLANUEVA,Turbo,Antioquia,Aeródromo,,,,,,,,,,,,5,5837
708,VVC,VANGUARDIA,Villavicencio,Meta,Nacional,4.1684,-73.6147,AEROCIVIL,AEROCIVIL,1940.0,30.0,,1366.0,"  499,000",3C,Aerocivil,50,50001
709,VVD,LAS BRISAS,Villavicencio,Meta,Aeródromo,,,,,,,,,,,,50,50001
710,VVL,TAPA - CHICAMOCHA,Villavicencio,Meta,Aeródromo,,,,,,,,,,,,50,50001
711,VVN,NEIVA YORK - MILENA,Villavicencio,Meta,Aeródromo,4.0903,-73.2342,COMERCIALIZADORA ECO,COMERCIALIZADORA ECO,790.0,15.0,6500.0,754.0,"  398,000",1A,Fumigación,50,50001
712,VVU,SANTA ISABEL,Villavicencio,Meta,Aeródromo,3.9873,-73.2091,EFA LTDA.,EFA LTDA.,800.0,10.0,2000.0,689.0," 2634,000",1A,Fumigación,50,50001
713,YAG,YAGUARA II,San Vicente del Caguán,Caquetá,Aeródromo,,,,,,,,,,,,18,18753
714,YAP,YAPIMA,Mitú,Vaupés,Aeródromo,1.0825,-69.4914,RESGUARDO INDIGENA,GOBERNACION DEL VAUPES,500.0,15.0,2300.0,600.0," 3423,000",1A,Público,97,97001
715,YOP,TROMPILLOS,Yopal,Casanare,Aeródromo,5.0932,-72.1807,ALEXANDER RIVERA,CELTA LTDA.,800.0,15.0,2000.0,623.0," 4736,000",1A,Fumigación,85,85001
716,YPL,CIENAGA,Yopal,Casanare,Aeródromo,5.2481,-72.8686,ALVARO MALAVER,SER.FUM.AER.CAS-SFA,890.0,10.0,2000.0,609.0," 4216,000",1A,Fumigación,85,85001
717,YPP,GERMAN ALBERTO,Yopal,Casanare,Aeródromo,5.1875,-72.3191,JOSE NELSON PEREZ R.,CELTA LTDA.,800.0,15.0,2000.0,735.0," 4511,000",1A,Fumigación,85,85001
718,YYP,LOS CABROS,Yopal,Casanare,Aeródromo,,,,,,,,,,,,85,85001
719,ZPS,GUILLERMO GOMEZ ORTIZ,Zapatoca,Santander,Aeródromo,6.7674,-73.2846,MUNICIPIO,MUNICIPIO,700.0,14.0,2300.0,5918.0,"   11,000",1A,Público,68,68895
